Water Control Zone	Station	Dates	Sample No	Depth	5-day Biochemical Oxygen Demand (mg/L)
Tolo Harbour And Channel	TM3	08-01-1986	1	Surface Water	3.8
Tolo Harbour And Channel	TM3	08-01-1986	1	Middle Water	3.7
Tolo Harbour And Channel	TM3	08-01-1986	1	Bottom Water	3.5
Tolo Harbour And Channel	TM3	22-01-1986	1	Surface Water	1.9
Tolo Harbour And Channel	TM3	22-01-1986	1	Middle Water	2
Tolo Harbour And Channel	TM3	22-01-1986	1	Bottom Water	1.3
Tolo Harbour And Channel	TM3	05-02-1986	1	Surface Water	2.5
Tolo Harbour And Channel	TM3	05-02-1986	1	Middle Water	2.5
Tolo Harbour And Channel	TM3	05-02-1986	1	Bottom Water	2.7
Tolo Harbour And Channel	TM3	19-02-1986	1	Surface Water	7.1
Tolo Harbour And Channel	TM3	19-02-1986	1	Middle Water	1.8
Tolo Harbour And Channel	TM3	19-02-1986	1	Bottom Water	1.4
Tolo Harbour And Channel	TM3	05-03-1986	1	Surface Water	1.6
Tolo Harbour And Channel	TM3	05-03-1986	1	Middle Water	5.2
Tolo Harbour And Channel	TM3	05-03-1986	1	Bottom Water	0.4
Tolo Harbour And Channel	TM3	19-03-1986	1	Surface Water	2.2
Tolo Harbour And Channel	TM3	19-03-1986	1	Middle Water	1.7
Tolo Harbour And Channel	TM3	19-03-1986	1	Bottom Water	1.5
Tolo Harbour And Channel	TM3	02-04-1986	1	Surface Water	1.3
Tolo Harbour And Channel	TM3	02-04-1986	1	Middle Water	1.1
Tolo Harbour And Channel	TM3	02-04-1986	1	Bottom Water	2.4
Tolo Harbour And Channel	TM3	16-04-1986	1	Surface Water	2.9
Tolo Harbour And Channel	TM3	16-04-1986	1	Middle Water	1.4
Tolo Harbour And Channel	TM3	16-04-1986	1	Bottom Water	0.4
Tolo Harbour And Channel	TM3	30-04-1986	1	Surface Water	8.7
Tolo Harbour And Channel	TM3	30-04-1986	1	Middle Water	5.9
Tolo Harbour And Channel	TM3	30-04-1986	1	Bottom Water	2.4
Tolo Harbour And Channel	TM3	14-05-1986	1	Surface Water	6.4
Tolo Harbour And Channel	TM3	14-05-1986	1	Middle Water	0.7
Tolo Harbour And Channel	TM3	14-05-1986	1	Bottom Water	0.4
Tolo Harbour And Channel	TM3	28-05-1986	1	Surface Water	7.5
Tolo Harbour And Channel	TM3	28-05-1986	1	Middle Water	1.1
Tolo Harbour And Channel	TM3	28-05-1986	1	Bottom Water	0.7
Tolo Harbour And Channel	TM3	10-06-1986	1	Surface Water	7.2
Tolo Harbour And Channel	TM3	10-06-1986	1	Middle Water	0.9
Tolo Harbour And Channel	TM3	10-06-1986	1	Bottom Water	0.7
Tolo Harbour And Channel	TM3	25-06-1986	1	Surface Water	2.6
Tolo Harbour And Channel	TM3	25-06-1986	1	Middle Water	1.8
Tolo Harbour And Channel	TM3	25-06-1986	1	Bottom Water	1.1
Tolo Harbour And Channel	TM3	09-07-1986	1	Surface Water	2.3
Tolo Harbour And Channel	TM3	09-07-1986	1	Middle Water	1.4
Tolo Harbour And Channel	TM3	09-07-1986	1	Bottom Water	0.5
Tolo Harbour And Channel	TM3	23-07-1986	1	Surface Water	4.7
Tolo Harbour And Channel	TM3	23-07-1986	1	Middle Water	2.2
Tolo Harbour And Channel	TM3	23-07-1986	1	Bottom Water	0.8
Tolo Harbour And Channel	TM3	06-08-1986	1	Surface Water	5.5
Tolo Harbour And Channel	TM3	06-08-1986	1	Middle Water	4.2
Tolo Harbour And Channel	TM3	06-08-1986	1	Bottom Water	2
Tolo Harbour And Channel	TM3	22-08-1986	1	Surface Water	0.8
Tolo Harbour And Channel	TM3	22-08-1986	1	Middle Water	0.7
Tolo Harbour And Channel	TM3	22-08-1986	1	Bottom Water	0.7
Tolo Harbour And Channel	TM3	03-09-1986	1	Surface Water	5.6
Tolo Harbour And Channel	TM3	03-09-1986	1	Middle Water	2.4
Tolo Harbour And Channel	TM3	03-09-1986	1	Bottom Water	0.8
Tolo Harbour And Channel	TM3	17-09-1986	1	Surface Water	8.1
Tolo Harbour And Channel	TM3	17-09-1986	1	Middle Water	2.5
Tolo Harbour And Channel	TM3	17-09-1986	1	Bottom Water	1.7
Tolo Harbour And Channel	TM3	01-10-1986	1	Surface Water	5.7
Tolo Harbour And Channel	TM3	01-10-1986	1	Middle Water	7.3
Tolo Harbour And Channel	TM3	01-10-1986	1	Bottom Water	3.8
Tolo Harbour And Channel	TM3	15-10-1986	1	Surface Water	9.2
Tolo Harbour And Channel	TM3	15-10-1986	1	Middle Water	1.9
Tolo Harbour And Channel	TM3	15-10-1986	1	Bottom Water	1.5
Tolo Harbour And Channel	TM3	29-10-1986	1	Surface Water	1.6
Tolo Harbour And Channel	TM3	29-10-1986	1	Middle Water	1.4
Tolo Harbour And Channel	TM3	29-10-1986	1	Bottom Water	0.9
Tolo Harbour And Channel	TM3	12-11-1986	1	Surface Water	2.8
Tolo Harbour And Channel	TM3	12-11-1986	1	Middle Water	3.1
Tolo Harbour And Channel	TM3	12-11-1986	1	Bottom Water	1.8
Tolo Harbour And Channel	TM3	26-11-1986	1	Surface Water	2.6
Tolo Harbour And Channel	TM3	26-11-1986	1	Middle Water	3
Tolo Harbour And Channel	TM3	26-11-1986	1	Bottom Water	2
Tolo Harbour And Channel	TM3	10-12-1986	1	Surface Water	14.1
Tolo Harbour And Channel	TM3	10-12-1986	1	Middle Water	4.4
Tolo Harbour And Channel	TM3	10-12-1986	1	Bottom Water	1.4
Tolo Harbour And Channel	TM3	23-12-1986	1	Surface Water	8.2
Tolo Harbour And Channel	TM3	23-12-1986	1	Middle Water	4.5
Tolo Harbour And Channel	TM3	23-12-1986	1	Bottom Water	2.8
Tolo Harbour And Channel	TM3	07-01-1987	1	Surface Water	4.2
Tolo Harbour And Channel	TM3	07-01-1987	1	Middle Water	3
Tolo Harbour And Channel	TM3	07-01-1987	1	Bottom Water	1.1
Tolo Harbour And Channel	TM3	21-01-1987	1	Surface Water	1.9
Tolo Harbour And Channel	TM3	21-01-1987	1	Middle Water	1.9
Tolo Harbour And Channel	TM3	21-01-1987	1	Bottom Water	2.2
Tolo Harbour And Channel	TM3	04-02-1987	1	Surface Water	3.8
Tolo Harbour And Channel	TM3	04-02-1987	1	Middle Water	1.7
Tolo Harbour And Channel	TM3	04-02-1987	1	Bottom Water	0.1
Tolo Harbour And Channel	TM3	17-02-1987	1	Surface Water	4.8
Tolo Harbour And Channel	TM3	17-02-1987	1	Middle Water	3.2
Tolo Harbour And Channel	TM3	17-02-1987	1	Bottom Water	3.1
Tolo Harbour And Channel	TM3	04-03-1987	1	Surface Water	5.3
Tolo Harbour And Channel	TM3	04-03-1987	1	Middle Water	3.5
Tolo Harbour And Channel	TM3	04-03-1987	1	Bottom Water	1
Tolo Harbour And Channel	TM3	18-03-1987	1	Surface Water	6
Tolo Harbour And Channel	TM3	18-03-1987	1	Middle Water	0.4
Tolo Harbour And Channel	TM3	18-03-1987	1	Bottom Water	0.3
Tolo Harbour And Channel	TM3	01-04-1987	1	Surface Water	3.4
Tolo Harbour And Channel	TM3	01-04-1987	1	Middle Water	1.9
Tolo Harbour And Channel	TM3	01-04-1987	1	Bottom Water	1.3
Tolo Harbour And Channel	TM3	15-04-1987	1	Surface Water	0.6
Tolo Harbour And Channel	TM3	15-04-1987	1	Middle Water	0.2
Tolo Harbour And Channel	TM3	15-04-1987	1	Bottom Water	0.2
Tolo Harbour And Channel	TM3	29-04-1987	1	Surface Water	3.8
Tolo Harbour And Channel	TM3	29-04-1987	1	Middle Water	2
Tolo Harbour And Channel	TM3	29-04-1987	1	Bottom Water	1.9
Tolo Harbour And Channel	TM3	13-05-1987	1	Surface Water	4.5
Tolo Harbour And Channel	TM3	13-05-1987	1	Middle Water	4.3
Tolo Harbour And Channel	TM3	13-05-1987	1	Bottom Water	0.6
Tolo Harbour And Channel	TM3	27-05-1987	1	Surface Water	4.7
Tolo Harbour And Channel	TM3	27-05-1987	1	Middle Water	2
Tolo Harbour And Channel	TM3	27-05-1987	1	Bottom Water	0.6
Tolo Harbour And Channel	TM3	10-06-1987	1	Surface Water	2.4
Tolo Harbour And Channel	TM3	10-06-1987	1	Middle Water	1
Tolo Harbour And Channel	TM3	10-06-1987	1	Bottom Water	0.9
Tolo Harbour And Channel	TM3	24-06-1987	1	Surface Water	7.5
Tolo Harbour And Channel	TM3	24-06-1987	1	Middle Water	5.9
Tolo Harbour And Channel	TM3	24-06-1987	1	Bottom Water	0.6
Tolo Harbour And Channel	TM3	09-07-1987	1	Surface Water	4.6
Tolo Harbour And Channel	TM3	09-07-1987	1	Middle Water	2.3
Tolo Harbour And Channel	TM3	09-07-1987	1	Bottom Water	1.3
Tolo Harbour And Channel	TM3	22-07-1987	1	Surface Water	3.7
Tolo Harbour And Channel	TM3	22-07-1987	1	Middle Water	1.5
Tolo Harbour And Channel	TM3	22-07-1987	1	Bottom Water	0.6
Tolo Harbour And Channel	TM3	05-08-1987	1	Surface Water	5.5
Tolo Harbour And Channel	TM3	05-08-1987	1	Middle Water	2.5
Tolo Harbour And Channel	TM3	05-08-1987	1	Bottom Water	1.1
Tolo Harbour And Channel	TM3	19-08-1987	1	Surface Water	5.9
Tolo Harbour And Channel	TM3	19-08-1987	1	Middle Water	2.5
Tolo Harbour And Channel	TM3	19-08-1987	1	Bottom Water	1.2
Tolo Harbour And Channel	TM3	02-09-1987	1	Surface Water	2.3
Tolo Harbour And Channel	TM3	02-09-1987	1	Middle Water	1.9
Tolo Harbour And Channel	TM3	02-09-1987	1	Bottom Water	0.8
Tolo Harbour And Channel	TM3	16-09-1987	1	Surface Water	3.5
Tolo Harbour And Channel	TM3	16-09-1987	1	Middle Water	4.2
Tolo Harbour And Channel	TM3	16-09-1987	1	Bottom Water	1.4
Tolo Harbour And Channel	TM3	30-09-1987	1	Surface Water	10.2
Tolo Harbour And Channel	TM3	30-09-1987	1	Middle Water	7.4
Tolo Harbour And Channel	TM3	30-09-1987	1	Bottom Water	1.6
Tolo Harbour And Channel	TM3	14-10-1987	1	Surface Water	3.8
Tolo Harbour And Channel	TM3	14-10-1987	1	Middle Water	3.9
Tolo Harbour And Channel	TM3	14-10-1987	1	Bottom Water	1.6
Tolo Harbour And Channel	TM3	28-10-1987	1	Surface Water	1.1
Tolo Harbour And Channel	TM3	28-10-1987	1	Middle Water	1.3
Tolo Harbour And Channel	TM3	28-10-1987	1	Bottom Water	1.2
Tolo Harbour And Channel	TM3	11-11-1987	1	Surface Water	3.8
Tolo Harbour And Channel	TM3	11-11-1987	1	Middle Water	2.5
Tolo Harbour And Channel	TM3	11-11-1987	1	Bottom Water	0.9
Tolo Harbour And Channel	TM3	25-11-1987	1	Surface Water	1.1
Tolo Harbour And Channel	TM3	25-11-1987	1	Middle Water	1
Tolo Harbour And Channel	TM3	25-11-1987	1	Bottom Water	0.5
Tolo Harbour And Channel	TM3	09-12-1987	1	Surface Water	1.9
Tolo Harbour And Channel	TM3	09-12-1987	1	Middle Water	2.2
Tolo Harbour And Channel	TM3	09-12-1987	1	Bottom Water	0.5
Tolo Harbour And Channel	TM3	23-12-1987	1	Surface Water	5.8
Tolo Harbour And Channel	TM3	23-12-1987	1	Middle Water	2.5
Tolo Harbour And Channel	TM3	23-12-1987	1	Bottom Water	2.3
Tolo Harbour And Channel	TM3	06-01-1988	1	Surface Water	9.1
Tolo Harbour And Channel	TM3	06-01-1988	1	Middle Water	5.4
Tolo Harbour And Channel	TM3	06-01-1988	1	Bottom Water	3
Tolo Harbour And Channel	TM3	20-01-1988	1	Surface Water	>8.8
Tolo Harbour And Channel	TM3	20-01-1988	1	Middle Water	2
Tolo Harbour And Channel	TM3	20-01-1988	1	Bottom Water	1.5
Tolo Harbour And Channel	TM3	03-02-1988	1	Surface Water	6.1
Tolo Harbour And Channel	TM3	03-02-1988	1	Middle Water	7.5
Tolo Harbour And Channel	TM3	03-02-1988	1	Bottom Water	3.6
Tolo Harbour And Channel	TM3	15-02-1988	1	Surface Water	7.1
Tolo Harbour And Channel	TM3	15-02-1988	1	Middle Water	2.5
Tolo Harbour And Channel	TM3	15-02-1988	1	Bottom Water	1.2
Tolo Harbour And Channel	TM3	02-03-1988	1	Surface Water	5.3
Tolo Harbour And Channel	TM3	02-03-1988	1	Middle Water	6.5
Tolo Harbour And Channel	TM3	02-03-1988	1	Bottom Water	0.8
Tolo Harbour And Channel	TM3	16-03-1988	1	Surface Water	5.6
Tolo Harbour And Channel	TM3	16-03-1988	1	Middle Water	5.3
Tolo Harbour And Channel	TM3	16-03-1988	1	Bottom Water	3.2
Tolo Harbour And Channel	TM3	30-03-1988	1	Surface Water	8.8
Tolo Harbour And Channel	TM3	30-03-1988	1	Middle Water	1.2
Tolo Harbour And Channel	TM3	30-03-1988	1	Bottom Water	0.3
Tolo Harbour And Channel	TM3	13-04-1988	1	Surface Water	4.8
Tolo Harbour And Channel	TM3	13-04-1988	1	Middle Water	0.9
Tolo Harbour And Channel	TM3	13-04-1988	1	Bottom Water	0.6
Tolo Harbour And Channel	TM3	27-04-1988	1	Surface Water	2.2
Tolo Harbour And Channel	TM3	27-04-1988	1	Middle Water	1.4
Tolo Harbour And Channel	TM3	27-04-1988	1	Bottom Water	0.6
Tolo Harbour And Channel	TM3	11-05-1988	1	Surface Water	5.6
Tolo Harbour And Channel	TM3	11-05-1988	1	Middle Water	2.9
Tolo Harbour And Channel	TM3	11-05-1988	1	Bottom Water	1.9
Tolo Harbour And Channel	TM3	19-05-1988	1	Surface Water	11.9
Tolo Harbour And Channel	TM3	19-05-1988	1	Middle Water	1.8
Tolo Harbour And Channel	TM3	19-05-1988	1	Bottom Water	1.2
Tolo Harbour And Channel	TM3	25-05-1988	1	Surface Water	1.7
Tolo Harbour And Channel	TM3	25-05-1988	1	Middle Water	1.6
Tolo Harbour And Channel	TM3	25-05-1988	1	Bottom Water	0.9
Tolo Harbour And Channel	TM3	08-06-1988	1	Surface Water	3.3
Tolo Harbour And Channel	TM3	08-06-1988	1	Middle Water	4.5
Tolo Harbour And Channel	TM3	08-06-1988	1	Bottom Water	4.8
Tolo Harbour And Channel	TM3	22-06-1988	1	Surface Water	5.3
Tolo Harbour And Channel	TM3	22-06-1988	1	Middle Water	2.1
Tolo Harbour And Channel	TM3	22-06-1988	1	Bottom Water	1.1
Tolo Harbour And Channel	TM3	06-07-1988	1	Surface Water	6
Tolo Harbour And Channel	TM3	06-07-1988	1	Middle Water	2.6
Tolo Harbour And Channel	TM3	06-07-1988	1	Bottom Water	1.5
Tolo Harbour And Channel	TM3	20-07-1988	1	Surface Water	1.1
Tolo Harbour And Channel	TM3	20-07-1988	1	Middle Water	1.2
Tolo Harbour And Channel	TM3	20-07-1988	1	Bottom Water	1.1
Tolo Harbour And Channel	TM3	03-08-1988	1	Surface Water	2.8
Tolo Harbour And Channel	TM3	03-08-1988	1	Middle Water	2.7
Tolo Harbour And Channel	TM3	03-08-1988	1	Bottom Water	1.5
Tolo Harbour And Channel	TM3	17-08-1988	1	Surface Water	1.1
Tolo Harbour And Channel	TM3	17-08-1988	1	Middle Water	0.6
Tolo Harbour And Channel	TM3	17-08-1988	1	Bottom Water	0.9
Tolo Harbour And Channel	TM3	02-09-1988	1	Surface Water	2.1
Tolo Harbour And Channel	TM3	02-09-1988	1	Middle Water	0.4
Tolo Harbour And Channel	TM3	02-09-1988	1	Bottom Water	0.4
Tolo Harbour And Channel	TM3	14-09-1988	1	Surface Water	1.7
Tolo Harbour And Channel	TM3	14-09-1988	1	Middle Water	2.7
Tolo Harbour And Channel	TM3	14-09-1988	1	Bottom Water	3.5
Tolo Harbour And Channel	TM3	28-09-1988	1	Surface Water	6
Tolo Harbour And Channel	TM3	28-09-1988	1	Middle Water	3.8
Tolo Harbour And Channel	TM3	28-09-1988	1	Bottom Water	0.8
Tolo Harbour And Channel	TM3	12-10-1988	1	Surface Water	3.5
Tolo Harbour And Channel	TM3	12-10-1988	1	Middle Water	1.9
Tolo Harbour And Channel	TM3	12-10-1988	1	Bottom Water	1.3
Tolo Harbour And Channel	TM3	31-10-1988	1	Surface Water	0.1
Tolo Harbour And Channel	TM3	31-10-1988	1	Middle Water	0.5
Tolo Harbour And Channel	TM3	31-10-1988	1	Bottom Water	0.5
Tolo Harbour And Channel	TM3	09-11-1988	1	Surface Water	9.3
Tolo Harbour And Channel	TM3	09-11-1988	1	Middle Water	7.8
Tolo Harbour And Channel	TM3	09-11-1988	1	Bottom Water	2.8
Tolo Harbour And Channel	TM3	23-11-1988	1	Surface Water	4.4
Tolo Harbour And Channel	TM3	23-11-1988	1	Middle Water	1.7
Tolo Harbour And Channel	TM3	23-11-1988	1	Bottom Water	0.6
Tolo Harbour And Channel	TM3	07-12-1988	1	Surface Water	3.9
Tolo Harbour And Channel	TM3	07-12-1988	1	Middle Water	3.7
Tolo Harbour And Channel	TM3	07-12-1988	1	Bottom Water	3.6
Tolo Harbour And Channel	TM3	20-12-1988	1	Surface Water	7.5
Tolo Harbour And Channel	TM3	20-12-1988	1	Middle Water	3
Tolo Harbour And Channel	TM3	20-12-1988	1	Bottom Water	1.7
Tolo Harbour And Channel	TM3	04-01-1989	1	Surface Water	4.4
Tolo Harbour And Channel	TM3	04-01-1989	1	Middle Water	5.3
Tolo Harbour And Channel	TM3	04-01-1989	1	Bottom Water	3.5
Tolo Harbour And Channel	TM3	18-01-1989	1	Surface Water	5.2
Tolo Harbour And Channel	TM3	18-01-1989	1	Middle Water	3
Tolo Harbour And Channel	TM3	18-01-1989	1	Bottom Water	1.1
Tolo Harbour And Channel	TM3	01-02-1989	1	Surface Water	3.6
Tolo Harbour And Channel	TM3	01-02-1989	1	Middle Water	1.1
Tolo Harbour And Channel	TM3	01-02-1989	1	Bottom Water	0.9
Tolo Harbour And Channel	TM3	15-02-1989	1	Surface Water	5.5
Tolo Harbour And Channel	TM3	15-02-1989	1	Middle Water	2.7
Tolo Harbour And Channel	TM3	15-02-1989	1	Bottom Water	1.1
Tolo Harbour And Channel	TM3	01-03-1989	1	Surface Water	4.7
Tolo Harbour And Channel	TM3	01-03-1989	1	Middle Water	3.3
Tolo Harbour And Channel	TM3	01-03-1989	1	Bottom Water	0.8
Tolo Harbour And Channel	TM3	15-03-1989	1	Surface Water	4.8
Tolo Harbour And Channel	TM3	15-03-1989	1	Middle Water	4.9
Tolo Harbour And Channel	TM3	15-03-1989	1	Bottom Water	2.8
Tolo Harbour And Channel	TM3	29-03-1989	1	Surface Water	7.7
Tolo Harbour And Channel	TM3	29-03-1989	1	Middle Water	6.7
Tolo Harbour And Channel	TM3	29-03-1989	1	Bottom Water	2.6
Tolo Harbour And Channel	TM3	12-04-1989	1	Surface Water	2.1
Tolo Harbour And Channel	TM3	12-04-1989	1	Middle Water	1.8
Tolo Harbour And Channel	TM3	12-04-1989	1	Bottom Water	2
Tolo Harbour And Channel	TM3	26-04-1989	1	Surface Water	5.6
Tolo Harbour And Channel	TM3	26-04-1989	1	Middle Water	4.3
Tolo Harbour And Channel	TM3	26-04-1989	1	Bottom Water	1
Tolo Harbour And Channel	TM3	11-05-1989	1	Surface Water	4
Tolo Harbour And Channel	TM3	11-05-1989	1	Middle Water	3.9
Tolo Harbour And Channel	TM3	11-05-1989	1	Bottom Water	2.1
Tolo Harbour And Channel	TM3	24-05-1989	1	Surface Water	5.7
Tolo Harbour And Channel	TM3	24-05-1989	1	Middle Water	1.3
Tolo Harbour And Channel	TM3	24-05-1989	1	Bottom Water	0.5
Tolo Harbour And Channel	TM3	09-06-1989	1	Surface Water	3.1
Tolo Harbour And Channel	TM3	09-06-1989	1	Middle Water	3.4
Tolo Harbour And Channel	TM3	09-06-1989	1	Bottom Water	2.6
Tolo Harbour And Channel	TM3	21-06-1989	1	Surface Water	2.3
Tolo Harbour And Channel	TM3	21-06-1989	1	Middle Water	1.9
Tolo Harbour And Channel	TM3	21-06-1989	1	Bottom Water	1.3
Tolo Harbour And Channel	TM3	05-07-1989	1	Surface Water	3.5
Tolo Harbour And Channel	TM3	05-07-1989	1	Middle Water	2.6
Tolo Harbour And Channel	TM3	05-07-1989	1	Bottom Water	1.8
Tolo Harbour And Channel	TM3	20-07-1989	1	Surface Water	2.6
Tolo Harbour And Channel	TM3	20-07-1989	1	Middle Water	2.1
Tolo Harbour And Channel	TM3	20-07-1989	1	Bottom Water	0.8
Tolo Harbour And Channel	TM3	02-08-1989	1	Surface Water	3.1
Tolo Harbour And Channel	TM3	02-08-1989	1	Middle Water	3
Tolo Harbour And Channel	TM3	02-08-1989	1	Bottom Water	0.8
Tolo Harbour And Channel	TM3	16-08-1989	1	Surface Water	3.8
Tolo Harbour And Channel	TM3	16-08-1989	1	Middle Water	3.2
Tolo Harbour And Channel	TM3	16-08-1989	1	Bottom Water	1.6
Tolo Harbour And Channel	TM3	30-08-1989	1	Surface Water	5
Tolo Harbour And Channel	TM3	30-08-1989	1	Middle Water	3.6
Tolo Harbour And Channel	TM3	30-08-1989	1	Bottom Water	0.2
Tolo Harbour And Channel	TM3	12-09-1989	1	Surface Water	5.1
Tolo Harbour And Channel	TM3	12-09-1989	1	Middle Water	4.4
Tolo Harbour And Channel	TM3	12-09-1989	1	Bottom Water	4.2
Tolo Harbour And Channel	TM3	27-09-1989	1	Surface Water	4.3
Tolo Harbour And Channel	TM3	27-09-1989	1	Middle Water	3.8
Tolo Harbour And Channel	TM3	27-09-1989	1	Bottom Water	2.4
Tolo Harbour And Channel	TM3	11-10-1989	1	Surface Water	3.1
Tolo Harbour And Channel	TM3	11-10-1989	1	Middle Water	3.6
Tolo Harbour And Channel	TM3	11-10-1989	1	Bottom Water	2.2
Tolo Harbour And Channel	TM3	25-10-1989	1	Surface Water	3.8
Tolo Harbour And Channel	TM3	25-10-1989	1	Middle Water	3.6
Tolo Harbour And Channel	TM3	25-10-1989	1	Bottom Water	1.4
Tolo Harbour And Channel	TM3	08-11-1989	1	Surface Water	5.3
Tolo Harbour And Channel	TM3	08-11-1989	1	Middle Water	1.5
Tolo Harbour And Channel	TM3	08-11-1989	1	Bottom Water	0.7
Tolo Harbour And Channel	TM3	22-11-1989	1	Surface Water	6.5
Tolo Harbour And Channel	TM3	22-11-1989	1	Middle Water	2.8
Tolo Harbour And Channel	TM3	22-11-1989	1	Bottom Water	2.8
Tolo Harbour And Channel	TM3	06-12-1989	1	Surface Water	3.6
Tolo Harbour And Channel	TM3	06-12-1989	1	Middle Water	3.8
Tolo Harbour And Channel	TM3	06-12-1989	1	Bottom Water	1.8
Tolo Harbour And Channel	TM3	20-12-1989	1	Surface Water	3.8
Tolo Harbour And Channel	TM3	20-12-1989	1	Middle Water	2.1
Tolo Harbour And Channel	TM3	20-12-1989	1	Bottom Water	0.9
Tolo Harbour And Channel	TM3	03-01-1990	1	Surface Water	1
Tolo Harbour And Channel	TM3	03-01-1990	1	Middle Water	0.9
Tolo Harbour And Channel	TM3	03-01-1990	1	Bottom Water	0.5
Tolo Harbour And Channel	TM3	17-01-1990	1	Surface Water	3.1
Tolo Harbour And Channel	TM3	17-01-1990	1	Middle Water	3.7
Tolo Harbour And Channel	TM3	17-01-1990	1	Bottom Water	3.1
Tolo Harbour And Channel	TM3	31-01-1990	1	Surface Water	3.2
Tolo Harbour And Channel	TM3	31-01-1990	1	Middle Water	3.2
Tolo Harbour And Channel	TM3	31-01-1990	1	Bottom Water	1.5
Tolo Harbour And Channel	TM3	14-02-1990	1	Surface Water	6.1
Tolo Harbour And Channel	TM3	14-02-1990	1	Middle Water	2.2
Tolo Harbour And Channel	TM3	14-02-1990	1	Bottom Water	1.5
Tolo Harbour And Channel	TM3	28-02-1990	1	Surface Water	3.5
Tolo Harbour And Channel	TM3	28-02-1990	1	Middle Water	3.5
Tolo Harbour And Channel	TM3	28-02-1990	1	Bottom Water	0.8
Tolo Harbour And Channel	TM3	14-03-1990	1	Surface Water	9.6
Tolo Harbour And Channel	TM3	14-03-1990	1	Middle Water	3.6
Tolo Harbour And Channel	TM3	14-03-1990	1	Bottom Water	2.7
Tolo Harbour And Channel	TM3	29-03-1990	1	Surface Water	2.2
Tolo Harbour And Channel	TM3	29-03-1990	1	Middle Water	0.6
Tolo Harbour And Channel	TM3	29-03-1990	1	Bottom Water	0.7
Tolo Harbour And Channel	TM3	12-04-1990	1	Surface Water	12.5
Tolo Harbour And Channel	TM3	12-04-1990	1	Middle Water	1
Tolo Harbour And Channel	TM3	12-04-1990	1	Bottom Water	0.7
Tolo Harbour And Channel	TM3	25-04-1990	1	Surface Water	0.7
Tolo Harbour And Channel	TM3	25-04-1990	1	Middle Water	0.4
Tolo Harbour And Channel	TM3	25-04-1990	1	Bottom Water	0.3
Tolo Harbour And Channel	TM3	09-05-1990	1	Surface Water	1.2
Tolo Harbour And Channel	TM3	09-05-1990	1	Middle Water	
Tolo Harbour And Channel	TM3	09-05-1990	1	Bottom Water	0.2
Tolo Harbour And Channel	TM3	23-05-1990	1	Surface Water	1.9
Tolo Harbour And Channel	TM3	23-05-1990	1	Middle Water	1.5
Tolo Harbour And Channel	TM3	23-05-1990	1	Bottom Water	1
Tolo Harbour And Channel	TM3	07-06-1990	1	Surface Water	6.6
Tolo Harbour And Channel	TM3	07-06-1990	1	Middle Water	6
Tolo Harbour And Channel	TM3	07-06-1990	1	Bottom Water	1.5
Tolo Harbour And Channel	TM3	20-06-1990	1	Surface Water	1.5
Tolo Harbour And Channel	TM3	20-06-1990	1	Middle Water	1.8
Tolo Harbour And Channel	TM3	20-06-1990	1	Bottom Water	0.9
Tolo Harbour And Channel	TM3	04-07-1990	1	Surface Water	3.5
Tolo Harbour And Channel	TM3	04-07-1990	1	Middle Water	2.4
Tolo Harbour And Channel	TM3	04-07-1990	1	Bottom Water	0.7
Tolo Harbour And Channel	TM3	18-07-1990	1	Surface Water	4.3
Tolo Harbour And Channel	TM3	18-07-1990	1	Middle Water	2.7
Tolo Harbour And Channel	TM3	18-07-1990	1	Bottom Water	1.4
Tolo Harbour And Channel	TM3	01-08-1990	1	Surface Water	0.8
Tolo Harbour And Channel	TM3	01-08-1990	1	Middle Water	0.5
Tolo Harbour And Channel	TM3	01-08-1990	1	Bottom Water	0.5
Tolo Harbour And Channel	TM3	15-08-1990	1	Surface Water	3.4
Tolo Harbour And Channel	TM3	15-08-1990	1	Middle Water	6.6
Tolo Harbour And Channel	TM3	15-08-1990	1	Bottom Water	1.3
Tolo Harbour And Channel	TM3	30-08-1990	1	Surface Water	1.5
Tolo Harbour And Channel	TM3	30-08-1990	1	Middle Water	0.9
Tolo Harbour And Channel	TM3	30-08-1990	1	Bottom Water	0.4
Tolo Harbour And Channel	TM3	12-09-1990	1	Surface Water	0.9
Tolo Harbour And Channel	TM3	12-09-1990	1	Middle Water	0.9
Tolo Harbour And Channel	TM3	12-09-1990	1	Bottom Water	0.9
Tolo Harbour And Channel	TM3	27-09-1990	1	Surface Water	2.5
Tolo Harbour And Channel	TM3	27-09-1990	1	Middle Water	1.9
Tolo Harbour And Channel	TM3	27-09-1990	1	Bottom Water	1.7
Tolo Harbour And Channel	TM3	10-10-1990	1	Surface Water	6
Tolo Harbour And Channel	TM3	10-10-1990	1	Middle Water	4.6
Tolo Harbour And Channel	TM3	10-10-1990	1	Bottom Water	2
Tolo Harbour And Channel	TM3	29-10-1990	1	Surface Water	1.8
Tolo Harbour And Channel	TM3	29-10-1990	1	Middle Water	2.2
Tolo Harbour And Channel	TM3	29-10-1990	1	Bottom Water	0.5
Tolo Harbour And Channel	TM3	08-11-1990	1	Surface Water	1.6
Tolo Harbour And Channel	TM3	08-11-1990	1	Middle Water	1.3
Tolo Harbour And Channel	TM3	08-11-1990	1	Bottom Water	1.3
Tolo Harbour And Channel	TM3	21-11-1990	1	Surface Water	1.2
Tolo Harbour And Channel	TM3	21-11-1990	1	Middle Water	0.8
Tolo Harbour And Channel	TM3	21-11-1990	1	Bottom Water	0.8
Tolo Harbour And Channel	TM3	05-12-1990	1	Surface Water	2.7
Tolo Harbour And Channel	TM3	05-12-1990	1	Middle Water	2.5
Tolo Harbour And Channel	TM3	05-12-1990	1	Bottom Water	2.1
Tolo Harbour And Channel	TM3	20-12-1990	1	Surface Water	7.2
Tolo Harbour And Channel	TM3	20-12-1990	1	Middle Water	2.6
Tolo Harbour And Channel	TM3	20-12-1990	1	Bottom Water	2.2
Tolo Harbour And Channel	TM3	02-01-1991	1	Surface Water	1.5
Tolo Harbour And Channel	TM3	02-01-1991	1	Middle Water	1.3
Tolo Harbour And Channel	TM3	02-01-1991	1	Bottom Water	1
Tolo Harbour And Channel	TM3	16-01-1991	1	Surface Water	0.8
Tolo Harbour And Channel	TM3	16-01-1991	1	Middle Water	0.7
Tolo Harbour And Channel	TM3	16-01-1991	1	Bottom Water	0.7
Tolo Harbour And Channel	TM3	30-01-1991	1	Surface Water	6.4
Tolo Harbour And Channel	TM3	30-01-1991	1	Middle Water	6.4
Tolo Harbour And Channel	TM3	30-01-1991	1	Bottom Water	3.5
Tolo Harbour And Channel	TM3	12-02-1991	1	Surface Water	2.6
Tolo Harbour And Channel	TM3	12-02-1991	1	Middle Water	2.7
Tolo Harbour And Channel	TM3	12-02-1991	1	Bottom Water	1.7
Tolo Harbour And Channel	TM3	27-02-1991	1	Surface Water	1.5
Tolo Harbour And Channel	TM3	27-02-1991	1	Middle Water	1
Tolo Harbour And Channel	TM3	27-02-1991	1	Bottom Water	1
Tolo Harbour And Channel	TM3	13-03-1991	1	Surface Water	2.2
Tolo Harbour And Channel	TM3	13-03-1991	1	Middle Water	1.6
Tolo Harbour And Channel	TM3	13-03-1991	1	Bottom Water	1.1
Tolo Harbour And Channel	TM3	10-04-1991	1	Surface Water	2.4
Tolo Harbour And Channel	TM3	10-04-1991	1	Middle Water	1.5
Tolo Harbour And Channel	TM3	10-04-1991	1	Bottom Water	1.4
Tolo Harbour And Channel	TM3	25-04-1991	1	Surface Water	5.4
Tolo Harbour And Channel	TM3	25-04-1991	1	Middle Water	0.6
Tolo Harbour And Channel	TM3	25-04-1991	1	Bottom Water	0.6
Tolo Harbour And Channel	TM3	08-05-1991	1	Surface Water	5.1
Tolo Harbour And Channel	TM3	08-05-1991	1	Middle Water	1.2
Tolo Harbour And Channel	TM3	08-05-1991	1	Bottom Water	0.4
Tolo Harbour And Channel	TM3	22-05-1991	1	Surface Water	3.5
Tolo Harbour And Channel	TM3	22-05-1991	1	Middle Water	2.4
Tolo Harbour And Channel	TM3	22-05-1991	1	Bottom Water	1.5
Tolo Harbour And Channel	TM3	07-06-1991	1	Surface Water	3.2
Tolo Harbour And Channel	TM3	07-06-1991	1	Middle Water	3
Tolo Harbour And Channel	TM3	07-06-1991	1	Bottom Water	1.4
Tolo Harbour And Channel	TM3	03-07-1991	1	Surface Water	5.1
Tolo Harbour And Channel	TM3	03-07-1991	1	Middle Water	2.5
Tolo Harbour And Channel	TM3	03-07-1991	1	Bottom Water	1.9
Tolo Harbour And Channel	TM3	18-07-1991	1	Surface Water	2.9
Tolo Harbour And Channel	TM3	18-07-1991	1	Middle Water	2.7
Tolo Harbour And Channel	TM3	18-07-1991	1	Bottom Water	1.7
Tolo Harbour And Channel	TM3	01-08-1991	1	Surface Water	2.6
Tolo Harbour And Channel	TM3	01-08-1991	1	Middle Water	3.3
Tolo Harbour And Channel	TM3	01-08-1991	1	Bottom Water	1.1
Tolo Harbour And Channel	TM3	14-08-1991	1	Surface Water	1.5
Tolo Harbour And Channel	TM3	14-08-1991	1	Middle Water	1
Tolo Harbour And Channel	TM3	14-08-1991	1	Bottom Water	1.1
Tolo Harbour And Channel	TM3	11-09-1991	1	Surface Water	3.8
Tolo Harbour And Channel	TM3	11-09-1991	1	Middle Water	1.4
Tolo Harbour And Channel	TM3	11-09-1991	1	Bottom Water	0.8
Tolo Harbour And Channel	TM3	09-10-1991	1	Surface Water	1.4
Tolo Harbour And Channel	TM3	09-10-1991	1	Middle Water	0.5
Tolo Harbour And Channel	TM3	09-10-1991	1	Bottom Water	0.1
Tolo Harbour And Channel	TM3	23-10-1991	1	Surface Water	2.5
Tolo Harbour And Channel	TM3	23-10-1991	1	Middle Water	2.4
Tolo Harbour And Channel	TM3	23-10-1991	1	Bottom Water	0.7
Tolo Harbour And Channel	TM3	06-11-1991	1	Surface Water	3.3
Tolo Harbour And Channel	TM3	06-11-1991	1	Middle Water	2.8
Tolo Harbour And Channel	TM3	06-11-1991	1	Bottom Water	1.9
Tolo Harbour And Channel	TM3	20-11-1991	1	Surface Water	3.2
Tolo Harbour And Channel	TM3	20-11-1991	1	Middle Water	2.3
Tolo Harbour And Channel	TM3	20-11-1991	1	Bottom Water	1.2
Tolo Harbour And Channel	TM3	06-12-1991	1	Surface Water	3.3
Tolo Harbour And Channel	TM3	06-12-1991	1	Middle Water	2.5
Tolo Harbour And Channel	TM3	06-12-1991	1	Bottom Water	1.5
Tolo Harbour And Channel	TM3	17-12-1991	1	Surface Water	4.7
Tolo Harbour And Channel	TM3	17-12-1991	1	Middle Water	2.3
Tolo Harbour And Channel	TM3	17-12-1991	1	Bottom Water	0.9
Tolo Harbour And Channel	TM3	16-01-1992	1	Surface Water	3.5
Tolo Harbour And Channel	TM3	16-01-1992	1	Middle Water	2.8
Tolo Harbour And Channel	TM3	16-01-1992	1	Bottom Water	1.9
Tolo Harbour And Channel	TM3	19-02-1992	1	Surface Water	1.5
Tolo Harbour And Channel	TM3	19-02-1992	1	Middle Water	1.4
Tolo Harbour And Channel	TM3	19-02-1992	1	Bottom Water	0.7
Tolo Harbour And Channel	TM3	18-03-1992	1	Surface Water	4.1
Tolo Harbour And Channel	TM3	18-03-1992	1	Middle Water	3.6
Tolo Harbour And Channel	TM3	18-03-1992	1	Bottom Water	2.1
Tolo Harbour And Channel	TM3	15-04-1992	1	Surface Water	2.2
Tolo Harbour And Channel	TM3	15-04-1992	1	Middle Water	0.8
Tolo Harbour And Channel	TM3	15-04-1992	1	Bottom Water	0.7
Tolo Harbour And Channel	TM3	21-05-1992	1	Surface Water	6.5
Tolo Harbour And Channel	TM3	21-05-1992	1	Middle Water	4.6
Tolo Harbour And Channel	TM3	21-05-1992	1	Bottom Water	0.8
Tolo Harbour And Channel	TM3	18-06-1992	1	Surface Water	2.7
Tolo Harbour And Channel	TM3	18-06-1992	1	Middle Water	0.7
Tolo Harbour And Channel	TM3	18-06-1992	1	Bottom Water	0.5
Tolo Harbour And Channel	TM3	07-07-1992	1	Surface Water	2.1
Tolo Harbour And Channel	TM3	07-07-1992	1	Middle Water	1.3
Tolo Harbour And Channel	TM3	07-07-1992	1	Bottom Water	1.1
Tolo Harbour And Channel	TM3	19-08-1992	1	Surface Water	4.8
Tolo Harbour And Channel	TM3	19-08-1992	1	Middle Water	4.3
Tolo Harbour And Channel	TM3	19-08-1992	1	Bottom Water	2.2
Tolo Harbour And Channel	TM3	09-09-1992	1	Surface Water	2
Tolo Harbour And Channel	TM3	09-09-1992	1	Middle Water	1.5
Tolo Harbour And Channel	TM3	09-09-1992	1	Bottom Water	1
Tolo Harbour And Channel	TM3	14-10-1992	1	Surface Water	3.2
Tolo Harbour And Channel	TM3	14-10-1992	1	Middle Water	2.6
Tolo Harbour And Channel	TM3	14-10-1992	1	Bottom Water	1.6
Tolo Harbour And Channel	TM3	18-11-1992	1	Surface Water	3.5
Tolo Harbour And Channel	TM3	18-11-1992	1	Middle Water	4
Tolo Harbour And Channel	TM3	18-11-1992	1	Bottom Water	2.9
Tolo Harbour And Channel	TM3	16-12-1992	1	Surface Water	2.9
Tolo Harbour And Channel	TM3	16-12-1992	1	Middle Water	2.3
Tolo Harbour And Channel	TM3	16-12-1992	1	Bottom Water	2.5
Tolo Harbour And Channel	TM3	13-01-1993	1	Surface Water	3.4
Tolo Harbour And Channel	TM3	13-01-1993	1	Middle Water	2.5
Tolo Harbour And Channel	TM3	13-01-1993	1	Bottom Water	1.5
Tolo Harbour And Channel	TM3	17-02-1993	1	Surface Water	1.5
Tolo Harbour And Channel	TM3	17-02-1993	1	Middle Water	1
Tolo Harbour And Channel	TM3	17-02-1993	1	Bottom Water	0.6
Tolo Harbour And Channel	TM3	18-03-1993	1	Surface Water	0.7
Tolo Harbour And Channel	TM3	18-03-1993	1	Middle Water	0.9
Tolo Harbour And Channel	TM3	18-03-1993	1	Bottom Water	0.5
Tolo Harbour And Channel	TM3	28-04-1993	1	Surface Water	2.8
Tolo Harbour And Channel	TM3	28-04-1993	1	Middle Water	1.7
Tolo Harbour And Channel	TM3	28-04-1993	1	Bottom Water	1.2
Tolo Harbour And Channel	TM3	17-05-1993	1	Surface Water	4.4
Tolo Harbour And Channel	TM3	17-05-1993	1	Middle Water	2.7
Tolo Harbour And Channel	TM3	17-05-1993	1	Bottom Water	1.3
Tolo Harbour And Channel	TM3	10-06-1993	1	Surface Water	2.2
Tolo Harbour And Channel	TM3	10-06-1993	1	Middle Water	1.9
Tolo Harbour And Channel	TM3	10-06-1993	1	Bottom Water	1.4
Tolo Harbour And Channel	TM3	20-07-1993	1	Surface Water	4.7
Tolo Harbour And Channel	TM3	20-07-1993	1	Middle Water	2
Tolo Harbour And Channel	TM3	20-07-1993	1	Bottom Water	0.8
Tolo Harbour And Channel	TM3	23-08-1993	1	Surface Water	4.1
Tolo Harbour And Channel	TM3	23-08-1993	1	Middle Water	1.8
Tolo Harbour And Channel	TM3	23-08-1993	1	Bottom Water	0.7
Tolo Harbour And Channel	TM3	07-09-1993	1	Surface Water	5.8
Tolo Harbour And Channel	TM3	07-09-1993	1	Middle Water	4.6
Tolo Harbour And Channel	TM3	07-09-1993	1	Bottom Water	2
Tolo Harbour And Channel	TM3	27-10-1993	1	Surface Water	2
Tolo Harbour And Channel	TM3	27-10-1993	1	Middle Water	2.7
Tolo Harbour And Channel	TM3	27-10-1993	1	Bottom Water	0.5
Tolo Harbour And Channel	TM3	29-11-1993	1	Surface Water	4.6
Tolo Harbour And Channel	TM3	29-11-1993	1	Middle Water	5.7
Tolo Harbour And Channel	TM3	29-11-1993	1	Bottom Water	0.6
Tolo Harbour And Channel	TM3	23-12-1993	1	Surface Water	1.7
Tolo Harbour And Channel	TM3	23-12-1993	1	Middle Water	1.7
Tolo Harbour And Channel	TM3	23-12-1993	1	Bottom Water	0.9
Tolo Harbour And Channel	TM3	20-01-1994	1	Surface Water	2.5
Tolo Harbour And Channel	TM3	20-01-1994	1	Middle Water	1.4
Tolo Harbour And Channel	TM3	20-01-1994	1	Bottom Water	1.5
Tolo Harbour And Channel	TM3	25-02-1994	1	Surface Water	1.9
Tolo Harbour And Channel	TM3	25-02-1994	1	Middle Water	0.9
Tolo Harbour And Channel	TM3	25-02-1994	1	Bottom Water	0.4
Tolo Harbour And Channel	TM3	23-03-1994	1	Surface Water	3.6
Tolo Harbour And Channel	TM3	23-03-1994	1	Middle Water	2.7
Tolo Harbour And Channel	TM3	23-03-1994	1	Bottom Water	2.3
Tolo Harbour And Channel	TM3	22-04-1994	1	Surface Water	4.8
Tolo Harbour And Channel	TM3	22-04-1994	1	Middle Water	2.9
Tolo Harbour And Channel	TM3	22-04-1994	1	Bottom Water	1.9
Tolo Harbour And Channel	TM3	23-05-1994	1	Surface Water	3.8
Tolo Harbour And Channel	TM3	23-05-1994	1	Middle Water	2.6
Tolo Harbour And Channel	TM3	23-05-1994	1	Bottom Water	1.4
Tolo Harbour And Channel	TM3	27-06-1994	1	Surface Water	2.6
Tolo Harbour And Channel	TM3	27-06-1994	1	Middle Water	0.7
Tolo Harbour And Channel	TM3	27-06-1994	1	Bottom Water	0.6
Tolo Harbour And Channel	TM3	25-07-1994	1	Surface Water	1.4
Tolo Harbour And Channel	TM3	25-07-1994	1	Middle Water	0.4
Tolo Harbour And Channel	TM3	25-07-1994	1	Bottom Water	0.3
Tolo Harbour And Channel	TM3	25-08-1994	1	Surface Water	3.7
Tolo Harbour And Channel	TM3	25-08-1994	1	Middle Water	2
Tolo Harbour And Channel	TM3	25-08-1994	1	Bottom Water	1.1
Tolo Harbour And Channel	TM3	19-09-1994	1	Surface Water	<0.1
Tolo Harbour And Channel	TM3	19-09-1994	1	Middle Water	0.9
Tolo Harbour And Channel	TM3	19-09-1994	1	Bottom Water	0.3
Tolo Harbour And Channel	TM3	06-10-1994	1	Surface Water	3.1
Tolo Harbour And Channel	TM3	06-10-1994	1	Middle Water	3.6
Tolo Harbour And Channel	TM3	06-10-1994	1	Bottom Water	0.4
Tolo Harbour And Channel	TM3	27-10-1994	1	Surface Water	3.5
Tolo Harbour And Channel	TM3	27-10-1994	1	Middle Water	2.2
Tolo Harbour And Channel	TM3	27-10-1994	1	Bottom Water	0.5
Tolo Harbour And Channel	TM3	11-11-1994	1	Surface Water	5.9
Tolo Harbour And Channel	TM3	11-11-1994	1	Middle Water	1
Tolo Harbour And Channel	TM3	11-11-1994	1	Bottom Water	0.6
Tolo Harbour And Channel	TM3	24-11-1994	1	Surface Water	2.5
Tolo Harbour And Channel	TM3	24-11-1994	1	Middle Water	3.3
Tolo Harbour And Channel	TM3	24-11-1994	1	Bottom Water	1.6
Tolo Harbour And Channel	TM3	07-12-1994	1	Surface Water	1.2
Tolo Harbour And Channel	TM3	07-12-1994	1	Middle Water	1
Tolo Harbour And Channel	TM3	07-12-1994	1	Bottom Water	1.1
Tolo Harbour And Channel	TM3	29-12-1994	1	Surface Water	3.2
Tolo Harbour And Channel	TM3	29-12-1994	1	Middle Water	1.6
Tolo Harbour And Channel	TM3	29-12-1994	1	Bottom Water	0.8
Tolo Harbour And Channel	TM3	09-01-1995	1	Surface Water	3.3
Tolo Harbour And Channel	TM3	09-01-1995	1	Middle Water	2.5
Tolo Harbour And Channel	TM3	09-01-1995	1	Bottom Water	0.7
Tolo Harbour And Channel	TM3	23-01-1995	1	Surface Water	3.9
Tolo Harbour And Channel	TM3	23-01-1995	1	Middle Water	1.5
Tolo Harbour And Channel	TM3	23-01-1995	1	Bottom Water	0.8
Tolo Harbour And Channel	TM3	13-02-1995	1	Surface Water	2.9
Tolo Harbour And Channel	TM3	13-02-1995	1	Middle Water	2.1
Tolo Harbour And Channel	TM3	13-02-1995	1	Bottom Water	1
Tolo Harbour And Channel	TM3	01-03-1995	1	Surface Water	2.5
Tolo Harbour And Channel	TM3	01-03-1995	1	Middle Water	1.2
Tolo Harbour And Channel	TM3	01-03-1995	1	Bottom Water	0.6
Tolo Harbour And Channel	TM3	27-03-1995	1	Surface Water	4.1
Tolo Harbour And Channel	TM3	27-03-1995	1	Middle Water	5.2
Tolo Harbour And Channel	TM3	27-03-1995	1	Bottom Water	0.8
Tolo Harbour And Channel	TM3	11-04-1995	1	Surface Water	3.9
Tolo Harbour And Channel	TM3	11-04-1995	1	Middle Water	1
Tolo Harbour And Channel	TM3	11-04-1995	1	Bottom Water	0.2
Tolo Harbour And Channel	TM3	24-04-1995	1	Surface Water	4.1
Tolo Harbour And Channel	TM3	24-04-1995	1	Middle Water	2.3
Tolo Harbour And Channel	TM3	24-04-1995	1	Bottom Water	1.3
Tolo Harbour And Channel	TM3	08-05-1995	1	Surface Water	6
Tolo Harbour And Channel	TM3	08-05-1995	1	Middle Water	2.8
Tolo Harbour And Channel	TM3	08-05-1995	1	Bottom Water	0.6
Tolo Harbour And Channel	TM3	22-05-1995	1	Surface Water	3.3
Tolo Harbour And Channel	TM3	22-05-1995	1	Middle Water	3.2
Tolo Harbour And Channel	TM3	22-05-1995	1	Bottom Water	3.1
Tolo Harbour And Channel	TM3	09-06-1995	1	Surface Water	3.5
Tolo Harbour And Channel	TM3	09-06-1995	1	Middle Water	1.7
Tolo Harbour And Channel	TM3	09-06-1995	1	Bottom Water	0.9
Tolo Harbour And Channel	TM3	23-06-1995	1	Surface Water	3.1
Tolo Harbour And Channel	TM3	23-06-1995	1	Middle Water	1.3
Tolo Harbour And Channel	TM3	23-06-1995	1	Bottom Water	0.7
Tolo Harbour And Channel	TM3	07-07-1995	1	Surface Water	2.1
Tolo Harbour And Channel	TM3	07-07-1995	1	Middle Water	1.8
Tolo Harbour And Channel	TM3	07-07-1995	1	Bottom Water	1
Tolo Harbour And Channel	TM3	20-07-1995	1	Surface Water	4.2
Tolo Harbour And Channel	TM3	20-07-1995	1	Middle Water	1.1
Tolo Harbour And Channel	TM3	20-07-1995	1	Bottom Water	0.9
Tolo Harbour And Channel	TM3	04-08-1995	1	Surface Water	0.6
Tolo Harbour And Channel	TM3	04-08-1995	1	Middle Water	0.7
Tolo Harbour And Channel	TM3	04-08-1995	1	Bottom Water	0.8
Tolo Harbour And Channel	TM3	16-08-1995	1	Surface Water	2.5
Tolo Harbour And Channel	TM3	16-08-1995	1	Middle Water	0.4
Tolo Harbour And Channel	TM3	16-08-1995	1	Bottom Water	0.3
Tolo Harbour And Channel	TM3	14-09-1995	1	Surface Water	3.7
Tolo Harbour And Channel	TM3	14-09-1995	1	Middle Water	2.6
Tolo Harbour And Channel	TM3	14-09-1995	1	Bottom Water	0.9
Tolo Harbour And Channel	TM3	28-09-1995	1	Surface Water	4.2
Tolo Harbour And Channel	TM3	28-09-1995	1	Middle Water	2.2
Tolo Harbour And Channel	TM3	28-09-1995	1	Bottom Water	1.9
Tolo Harbour And Channel	TM3	05-10-1995	1	Surface Water	1.1
Tolo Harbour And Channel	TM3	05-10-1995	1	Middle Water	0.4
Tolo Harbour And Channel	TM3	05-10-1995	1	Bottom Water	0.3
Tolo Harbour And Channel	TM3	19-10-1995	1	Surface Water	5.5
Tolo Harbour And Channel	TM3	19-10-1995	1	Middle Water	0.2
Tolo Harbour And Channel	TM3	19-10-1995	1	Bottom Water	<0.1
Tolo Harbour And Channel	TM3	06-11-1995	1	Surface Water	4
Tolo Harbour And Channel	TM3	06-11-1995	1	Middle Water	1.4
Tolo Harbour And Channel	TM3	06-11-1995	1	Bottom Water	0.7
Tolo Harbour And Channel	TM3	20-11-1995	1	Surface Water	4.7
Tolo Harbour And Channel	TM3	20-11-1995	1	Middle Water	5.3
Tolo Harbour And Channel	TM3	20-11-1995	1	Bottom Water	3.5
Tolo Harbour And Channel	TM3	06-12-1995	1	Surface Water	5.5
Tolo Harbour And Channel	TM3	06-12-1995	1	Middle Water	4.9
Tolo Harbour And Channel	TM3	06-12-1995	1	Bottom Water	2.5
Tolo Harbour And Channel	TM3	05-01-1996	1	Surface Water	>7.5
Tolo Harbour And Channel	TM3	05-01-1996	1	Middle Water	2.8
Tolo Harbour And Channel	TM3	05-01-1996	1	Bottom Water	1.8
Tolo Harbour And Channel	TM3	22-01-1996	1	Surface Water	7.1
Tolo Harbour And Channel	TM3	22-01-1996	1	Middle Water	3.8
Tolo Harbour And Channel	TM3	22-01-1996	1	Bottom Water	2.3
Tolo Harbour And Channel	TM3	08-02-1996	1	Surface Water	3.9
Tolo Harbour And Channel	TM3	08-02-1996	1	Middle Water	3.2
Tolo Harbour And Channel	TM3	08-02-1996	1	Bottom Water	1.2
Tolo Harbour And Channel	TM3	26-02-1996	1	Surface Water	0.7
Tolo Harbour And Channel	TM3	26-02-1996	1	Middle Water	0.6
Tolo Harbour And Channel	TM3	26-02-1996	1	Bottom Water	0.7
Tolo Harbour And Channel	TM3	15-03-1996	1	Surface Water	3.2
Tolo Harbour And Channel	TM3	15-03-1996	1	Middle Water	1.1
Tolo Harbour And Channel	TM3	15-03-1996	1	Bottom Water	0.8
Tolo Harbour And Channel	TM3	27-03-1996	1	Surface Water	5.5
Tolo Harbour And Channel	TM3	27-03-1996	1	Middle Water	2.8
Tolo Harbour And Channel	TM3	27-03-1996	1	Bottom Water	1.5
Tolo Harbour And Channel	TM3	11-04-1996	1	Surface Water	3.7
Tolo Harbour And Channel	TM3	11-04-1996	1	Middle Water	1.4
Tolo Harbour And Channel	TM3	11-04-1996	1	Bottom Water	0.6
Tolo Harbour And Channel	TM3	26-04-1996	1	Surface Water	4.4
Tolo Harbour And Channel	TM3	26-04-1996	1	Middle Water	2.2
Tolo Harbour And Channel	TM3	26-04-1996	1	Bottom Water	0.8
Tolo Harbour And Channel	TM3	09-05-1996	1	Surface Water	11.7
Tolo Harbour And Channel	TM3	09-05-1996	1	Middle Water	1.9
Tolo Harbour And Channel	TM3	09-05-1996	1	Bottom Water	0.6
Tolo Harbour And Channel	TM3	22-05-1996	1	Surface Water	4.2
Tolo Harbour And Channel	TM3	22-05-1996	1	Middle Water	3.4
Tolo Harbour And Channel	TM3	22-05-1996	1	Bottom Water	1.5
Tolo Harbour And Channel	TM3	06-06-1996	1	Surface Water	4.1
Tolo Harbour And Channel	TM3	06-06-1996	1	Middle Water	3.2
Tolo Harbour And Channel	TM3	06-06-1996	1	Bottom Water	2.7
Tolo Harbour And Channel	TM3	24-06-1996	1	Surface Water	1.1
Tolo Harbour And Channel	TM3	24-06-1996	1	Middle Water	1.2
Tolo Harbour And Channel	TM3	24-06-1996	1	Bottom Water	0.6
Tolo Harbour And Channel	TM3	05-07-1996	1	Surface Water	5.9
Tolo Harbour And Channel	TM3	05-07-1996	1	Middle Water	5.3
Tolo Harbour And Channel	TM3	05-07-1996	1	Bottom Water	2.3
Tolo Harbour And Channel	TM3	18-07-1996	1	Surface Water	3.6
Tolo Harbour And Channel	TM3	18-07-1996	1	Middle Water	4
Tolo Harbour And Channel	TM3	18-07-1996	1	Bottom Water	2.1
Tolo Harbour And Channel	TM3	05-08-1996	1	Surface Water	2.2
Tolo Harbour And Channel	TM3	05-08-1996	1	Middle Water	2.3
Tolo Harbour And Channel	TM3	05-08-1996	1	Bottom Water	1.7
Tolo Harbour And Channel	TM3	19-08-1996	1	Surface Water	4.4
Tolo Harbour And Channel	TM3	19-08-1996	1	Middle Water	2.3
Tolo Harbour And Channel	TM3	19-08-1996	1	Bottom Water	0.7
Tolo Harbour And Channel	TM3	06-09-1996	1	Surface Water	4.8
Tolo Harbour And Channel	TM3	06-09-1996	1	Middle Water	2.7
Tolo Harbour And Channel	TM3	06-09-1996	1	Bottom Water	2.3
Tolo Harbour And Channel	TM3	26-09-1996	1	Surface Water	5
Tolo Harbour And Channel	TM3	26-09-1996	1	Middle Water	3.8
Tolo Harbour And Channel	TM3	26-09-1996	1	Bottom Water	0.6
Tolo Harbour And Channel	TM3	04-10-1996	1	Surface Water	9.6
Tolo Harbour And Channel	TM3	04-10-1996	1	Middle Water	1.1
Tolo Harbour And Channel	TM3	04-10-1996	1	Bottom Water	1.2
Tolo Harbour And Channel	TM3	24-10-1996	1	Surface Water	11
Tolo Harbour And Channel	TM3	24-10-1996	1	Middle Water	2.3
Tolo Harbour And Channel	TM3	24-10-1996	1	Bottom Water	1.6
Tolo Harbour And Channel	TM3	08-11-1996	1	Surface Water	4.8
Tolo Harbour And Channel	TM3	08-11-1996	1	Middle Water	4.5
Tolo Harbour And Channel	TM3	08-11-1996	1	Bottom Water	2.1
Tolo Harbour And Channel	TM3	20-11-1996	1	Surface Water	3.1
Tolo Harbour And Channel	TM3	20-11-1996	1	Middle Water	2.6
Tolo Harbour And Channel	TM3	20-11-1996	1	Bottom Water	2
Tolo Harbour And Channel	TM3	05-12-1996	1	Surface Water	0.9
Tolo Harbour And Channel	TM3	05-12-1996	1	Middle Water	0.9
Tolo Harbour And Channel	TM3	05-12-1996	1	Bottom Water	0.6
Tolo Harbour And Channel	TM3	19-12-1996	1	Surface Water	7.1
Tolo Harbour And Channel	TM3	19-12-1996	1	Middle Water	4.9
Tolo Harbour And Channel	TM3	19-12-1996	1	Bottom Water	2.5
Tolo Harbour And Channel	TM3	09-01-1997	1	Surface Water	5.6
Tolo Harbour And Channel	TM3	09-01-1997	1	Middle Water	5
Tolo Harbour And Channel	TM3	09-01-1997	1	Bottom Water	4.8
Tolo Harbour And Channel	TM3	20-01-1997	1	Surface Water	7.9
Tolo Harbour And Channel	TM3	20-01-1997	1	Middle Water	3.3
Tolo Harbour And Channel	TM3	20-01-1997	1	Bottom Water	2.2
Tolo Harbour And Channel	TM3	17-02-1997	1	Surface Water	1
Tolo Harbour And Channel	TM3	17-02-1997	1	Middle Water	1
Tolo Harbour And Channel	TM3	17-02-1997	1	Bottom Water	0.3
Tolo Harbour And Channel	TM3	27-02-1997	1	Surface Water	5
Tolo Harbour And Channel	TM3	27-02-1997	1	Middle Water	4.7
Tolo Harbour And Channel	TM3	27-02-1997	1	Bottom Water	2.7
Tolo Harbour And Channel	TM3	07-03-1997	1	Surface Water	6.9
Tolo Harbour And Channel	TM3	07-03-1997	1	Middle Water	6.9
Tolo Harbour And Channel	TM3	07-03-1997	1	Bottom Water	0.9
Tolo Harbour And Channel	TM3	20-03-1997	1	Surface Water	
Tolo Harbour And Channel	TM3	20-03-1997	1	Middle Water	
Tolo Harbour And Channel	TM3	20-03-1997	1	Bottom Water	
Tolo Harbour And Channel	TM3	14-04-1997	1	Surface Water	4.7
Tolo Harbour And Channel	TM3	14-04-1997	1	Middle Water	2.2
Tolo Harbour And Channel	TM3	14-04-1997	1	Bottom Water	1.6
Tolo Harbour And Channel	TM3	28-04-1997	1	Surface Water	6.4
Tolo Harbour And Channel	TM3	28-04-1997	1	Middle Water	2.6
Tolo Harbour And Channel	TM3	28-04-1997	1	Bottom Water	3.9
Tolo Harbour And Channel	TM3	07-05-1997	1	Surface Water	1.8
Tolo Harbour And Channel	TM3	07-05-1997	1	Middle Water	1.2
Tolo Harbour And Channel	TM3	07-05-1997	1	Bottom Water	0.8
Tolo Harbour And Channel	TM3	22-05-1997	1	Surface Water	1.6
Tolo Harbour And Channel	TM3	22-05-1997	1	Middle Water	1.6
Tolo Harbour And Channel	TM3	22-05-1997	1	Bottom Water	1.7
Tolo Harbour And Channel	TM3	05-06-1997	1	Surface Water	3.9
Tolo Harbour And Channel	TM3	05-06-1997	1	Middle Water	2
Tolo Harbour And Channel	TM3	05-06-1997	1	Bottom Water	0.6
Tolo Harbour And Channel	TM3	20-06-1997	1	Surface Water	8.5
Tolo Harbour And Channel	TM3	20-06-1997	1	Middle Water	1.2
Tolo Harbour And Channel	TM3	20-06-1997	1	Bottom Water	0.5
Tolo Harbour And Channel	TM3	11-07-1997	1	Surface Water	4.4
Tolo Harbour And Channel	TM3	11-07-1997	1	Middle Water	0.4
Tolo Harbour And Channel	TM3	11-07-1997	1	Bottom Water	0.3
Tolo Harbour And Channel	TM3	23-07-1997	1	Surface Water	3.1
Tolo Harbour And Channel	TM3	23-07-1997	1	Middle Water	0.7
Tolo Harbour And Channel	TM3	23-07-1997	1	Bottom Water	0.6
Tolo Harbour And Channel	TM3	08-08-1997	1	Surface Water	2.4
Tolo Harbour And Channel	TM3	08-08-1997	1	Middle Water	0.3
Tolo Harbour And Channel	TM3	08-08-1997	1	Bottom Water	0.2
Tolo Harbour And Channel	TM3	28-08-1997	1	Surface Water	2.9
Tolo Harbour And Channel	TM3	28-08-1997	1	Middle Water	1.5
Tolo Harbour And Channel	TM3	28-08-1997	1	Bottom Water	1.1
Tolo Harbour And Channel	TM3	05-09-1997	1	Surface Water	2
Tolo Harbour And Channel	TM3	05-09-1997	1	Middle Water	0.5
Tolo Harbour And Channel	TM3	05-09-1997	1	Bottom Water	0.3
Tolo Harbour And Channel	TM3	22-09-1997	1	Surface Water	1.3
Tolo Harbour And Channel	TM3	22-09-1997	1	Middle Water	1.2
Tolo Harbour And Channel	TM3	22-09-1997	1	Bottom Water	1
Tolo Harbour And Channel	TM3	15-10-1997	1	Surface Water	2.2
Tolo Harbour And Channel	TM3	15-10-1997	1	Middle Water	2.6
Tolo Harbour And Channel	TM3	15-10-1997	1	Bottom Water	1.1
Tolo Harbour And Channel	TM3	30-10-1997	1	Surface Water	1.8
Tolo Harbour And Channel	TM3	30-10-1997	1	Middle Water	2.4
Tolo Harbour And Channel	TM3	30-10-1997	1	Bottom Water	1.9
Tolo Harbour And Channel	TM3	13-11-1997	1	Surface Water	5.5
Tolo Harbour And Channel	TM3	13-11-1997	1	Middle Water	3.2
Tolo Harbour And Channel	TM3	13-11-1997	1	Bottom Water	2.3
Tolo Harbour And Channel	TM3	27-11-1997	1	Surface Water	1.8
Tolo Harbour And Channel	TM3	27-11-1997	1	Middle Water	1.7
Tolo Harbour And Channel	TM3	27-11-1997	1	Bottom Water	1.9
Tolo Harbour And Channel	TM3	08-12-1997	1	Surface Water	2.9
Tolo Harbour And Channel	TM3	08-12-1997	1	Middle Water	2.8
Tolo Harbour And Channel	TM3	08-12-1997	1	Bottom Water	2.6
Tolo Harbour And Channel	TM3	19-12-1997	1	Surface Water	2.4
Tolo Harbour And Channel	TM3	19-12-1997	1	Middle Water	2.2
Tolo Harbour And Channel	TM3	19-12-1997	1	Bottom Water	2.1
Tolo Harbour And Channel	TM3	09-01-1998	1	Surface Water	2
Tolo Harbour And Channel	TM3	09-01-1998	1	Middle Water	2.1
Tolo Harbour And Channel	TM3	09-01-1998	1	Bottom Water	2
Tolo Harbour And Channel	TM3	21-01-1998	1	Surface Water	0.7
Tolo Harbour And Channel	TM3	21-01-1998	1	Middle Water	0.7
Tolo Harbour And Channel	TM3	21-01-1998	1	Bottom Water	0.7
Tolo Harbour And Channel	TM3	05-02-1998	1	Surface Water	2.3
Tolo Harbour And Channel	TM3	05-02-1998	1	Middle Water	2.1
Tolo Harbour And Channel	TM3	05-02-1998	1	Bottom Water	1.5
Tolo Harbour And Channel	TM3	23-02-1998	1	Surface Water	2.5
Tolo Harbour And Channel	TM3	23-02-1998	1	Middle Water	2.1
Tolo Harbour And Channel	TM3	23-02-1998	1	Bottom Water	1.1
Tolo Harbour And Channel	TM3	06-03-1998	1	Surface Water	3.8
Tolo Harbour And Channel	TM3	06-03-1998	1	Middle Water	4.3
Tolo Harbour And Channel	TM3	06-03-1998	1	Bottom Water	3.4
Tolo Harbour And Channel	TM3	20-03-1998	1	Surface Water	5.2
Tolo Harbour And Channel	TM3	20-03-1998	1	Middle Water	2
Tolo Harbour And Channel	TM3	20-03-1998	1	Bottom Water	1
Tolo Harbour And Channel	TM3	16-04-1998	1	Surface Water	12
Tolo Harbour And Channel	TM3	16-04-1998	1	Middle Water	3.3
Tolo Harbour And Channel	TM3	16-04-1998	1	Bottom Water	1.6
Tolo Harbour And Channel	TM3	29-04-1998	1	Surface Water	4.7
Tolo Harbour And Channel	TM3	29-04-1998	1	Middle Water	1.7
Tolo Harbour And Channel	TM3	29-04-1998	1	Bottom Water	1.8
Tolo Harbour And Channel	TM3	06-05-1998	1	Surface Water	5.4
Tolo Harbour And Channel	TM3	06-05-1998	1	Middle Water	2.1
Tolo Harbour And Channel	TM3	06-05-1998	1	Bottom Water	2.4
Tolo Harbour And Channel	TM3	27-05-1998	1	Surface Water	5
Tolo Harbour And Channel	TM3	27-05-1998	1	Middle Water	1.2
Tolo Harbour And Channel	TM3	27-05-1998	1	Bottom Water	1
Tolo Harbour And Channel	TM3	08-06-1998	1	Surface Water	2.1
Tolo Harbour And Channel	TM3	08-06-1998	1	Middle Water	1.8
Tolo Harbour And Channel	TM3	08-06-1998	1	Bottom Water	0.7
Tolo Harbour And Channel	TM3	19-06-1998	1	Surface Water	2.6
Tolo Harbour And Channel	TM3	19-06-1998	1	Middle Water	2.6
Tolo Harbour And Channel	TM3	19-06-1998	1	Bottom Water	1
Tolo Harbour And Channel	TM3	08-07-1998	1	Surface Water	4.9
Tolo Harbour And Channel	TM3	08-07-1998	1	Middle Water	0.8
Tolo Harbour And Channel	TM3	08-07-1998	1	Bottom Water	0.5
Tolo Harbour And Channel	TM3	24-07-1998	1	Surface Water	3.4
Tolo Harbour And Channel	TM3	24-07-1998	1	Middle Water	1.4
Tolo Harbour And Channel	TM3	24-07-1998	1	Bottom Water	1.1
Tolo Harbour And Channel	TM3	07-08-1998	1	Surface Water	3.8
Tolo Harbour And Channel	TM3	07-08-1998	1	Middle Water	2.4
Tolo Harbour And Channel	TM3	07-08-1998	1	Bottom Water	1.3
Tolo Harbour And Channel	TM3	24-08-1998	1	Surface Water	1.8
Tolo Harbour And Channel	TM3	24-08-1998	1	Middle Water	1.2
Tolo Harbour And Channel	TM3	24-08-1998	1	Bottom Water	0.4
Tolo Harbour And Channel	TM3	11-09-1998	1	Surface Water	2.9
Tolo Harbour And Channel	TM3	11-09-1998	1	Middle Water	2.6
Tolo Harbour And Channel	TM3	11-09-1998	1	Bottom Water	0.6
Tolo Harbour And Channel	TM3	21-09-1998	1	Surface Water	2.7
Tolo Harbour And Channel	TM3	21-09-1998	1	Middle Water	1.7
Tolo Harbour And Channel	TM3	21-09-1998	1	Bottom Water	1.3
Tolo Harbour And Channel	TM3	14-10-1998	1	Surface Water	3.6
Tolo Harbour And Channel	TM3	14-10-1998	1	Middle Water	1
Tolo Harbour And Channel	TM3	14-10-1998	1	Bottom Water	0.9
Tolo Harbour And Channel	TM3	29-10-1998	1	Surface Water	3.4
Tolo Harbour And Channel	TM3	29-10-1998	1	Middle Water	3
Tolo Harbour And Channel	TM3	29-10-1998	1	Bottom Water	1.9
Tolo Harbour And Channel	TM3	11-11-1998	1	Surface Water	2.2
Tolo Harbour And Channel	TM3	11-11-1998	1	Middle Water	1.8
Tolo Harbour And Channel	TM3	11-11-1998	1	Bottom Water	1.8
Tolo Harbour And Channel	TM3	25-11-1998	1	Surface Water	1.1
Tolo Harbour And Channel	TM3	25-11-1998	1	Middle Water	2.5
Tolo Harbour And Channel	TM3	25-11-1998	1	Bottom Water	2.2
Tolo Harbour And Channel	TM3	04-12-1998	1	Surface Water	1.7
Tolo Harbour And Channel	TM3	04-12-1998	1	Middle Water	1.5
Tolo Harbour And Channel	TM3	04-12-1998	1	Bottom Water	2.5
Tolo Harbour And Channel	TM3	18-12-1998	1	Surface Water	2.2
Tolo Harbour And Channel	TM3	18-12-1998	1	Middle Water	2.8
Tolo Harbour And Channel	TM3	18-12-1998	1	Bottom Water	1.3
Tolo Harbour And Channel	TM3	07-01-1999	1	Surface Water	2.4
Tolo Harbour And Channel	TM3	07-01-1999	1	Middle Water	3.6
Tolo Harbour And Channel	TM3	07-01-1999	1	Bottom Water	1.3
Tolo Harbour And Channel	TM3	01-02-1999	1	Surface Water	5.6
Tolo Harbour And Channel	TM3	01-02-1999	1	Middle Water	2.8
Tolo Harbour And Channel	TM3	01-02-1999	1	Bottom Water	1.4
Tolo Harbour And Channel	TM3	04-03-1999	1	Surface Water	3.3
Tolo Harbour And Channel	TM3	04-03-1999	1	Middle Water	2.5
Tolo Harbour And Channel	TM3	04-03-1999	1	Bottom Water	2.7
Tolo Harbour And Channel	TM3	12-04-1999	1	Surface Water	3.9
Tolo Harbour And Channel	TM3	12-04-1999	1	Middle Water	1.4
Tolo Harbour And Channel	TM3	12-04-1999	1	Bottom Water	0.6
Tolo Harbour And Channel	TM3	03-05-1999	1	Surface Water	1.6
Tolo Harbour And Channel	TM3	03-05-1999	1	Middle Water	1.1
Tolo Harbour And Channel	TM3	03-05-1999	1	Bottom Water	0.9
Tolo Harbour And Channel	TM3	10-06-1999	1	Surface Water	2.3
Tolo Harbour And Channel	TM3	10-06-1999	1	Middle Water	0.6
Tolo Harbour And Channel	TM3	10-06-1999	1	Bottom Water	0.7
Tolo Harbour And Channel	TM3	08-07-1999	1	Surface Water	3
Tolo Harbour And Channel	TM3	08-07-1999	1	Middle Water	1.9
Tolo Harbour And Channel	TM3	08-07-1999	1	Bottom Water	1.2
Tolo Harbour And Channel	TM3	19-08-1999	1	Surface Water	2.9
Tolo Harbour And Channel	TM3	19-08-1999	1	Bottom Water	1.3
Tolo Harbour And Channel	TM3	09-09-1999	1	Surface Water	2.7
Tolo Harbour And Channel	TM3	09-09-1999	1	Middle Water	2.3
Tolo Harbour And Channel	TM3	09-09-1999	1	Bottom Water	1.8
Tolo Harbour And Channel	TM3	14-10-1999	1	Surface Water	1.7
Tolo Harbour And Channel	TM3	14-10-1999	1	Middle Water	1.3
Tolo Harbour And Channel	TM3	14-10-1999	1	Bottom Water	1.8
Tolo Harbour And Channel	TM3	17-11-1999	1	Surface Water	2.6
Tolo Harbour And Channel	TM3	17-11-1999	1	Middle Water	1.7
Tolo Harbour And Channel	TM3	17-11-1999	1	Bottom Water	1.2
Tolo Harbour And Channel	TM3	08-12-1999	1	Surface Water	2.6
Tolo Harbour And Channel	TM3	08-12-1999	1	Middle Water	1.7
Tolo Harbour And Channel	TM3	08-12-1999	1	Bottom Water	0.7
Tolo Harbour And Channel	TM3	19-01-2000	1	Surface Water	3.3
Tolo Harbour And Channel	TM3	19-01-2000	1	Middle Water	2.9
Tolo Harbour And Channel	TM3	19-01-2000	1	Bottom Water	2.1
Tolo Harbour And Channel	TM3	25-02-2000	1	Surface Water	1.4
Tolo Harbour And Channel	TM3	25-02-2000	1	Middle Water	1.2
Tolo Harbour And Channel	TM3	25-02-2000	1	Bottom Water	0.6
Tolo Harbour And Channel	TM3	06-03-2000	1	Surface Water	1.9
Tolo Harbour And Channel	TM3	06-03-2000	1	Middle Water	1.2
Tolo Harbour And Channel	TM3	06-03-2000	1	Bottom Water	0.5
Tolo Harbour And Channel	TM3	12-04-2000	1	Surface Water	2.6
Tolo Harbour And Channel	TM3	12-04-2000	1	Middle Water	1.1
Tolo Harbour And Channel	TM3	12-04-2000	1	Bottom Water	1
Tolo Harbour And Channel	TM3	15-05-2000	1	Surface Water	3.8
Tolo Harbour And Channel	TM3	15-05-2000	1	Middle Water	3.9
Tolo Harbour And Channel	TM3	15-05-2000	1	Bottom Water	2.4
Tolo Harbour And Channel	TM3	15-06-2000	1	Surface Water	1.4
Tolo Harbour And Channel	TM3	15-06-2000	1	Middle Water	1.4
Tolo Harbour And Channel	TM3	15-06-2000	1	Bottom Water	1.9
Tolo Harbour And Channel	TM3	24-07-2000	1	Surface Water	4
Tolo Harbour And Channel	TM3	24-07-2000	1	Middle Water	2.5
Tolo Harbour And Channel	TM3	24-07-2000	1	Bottom Water	0.6
Tolo Harbour And Channel	TM3	23-08-2000	1	Surface Water	1.3
Tolo Harbour And Channel	TM3	23-08-2000	1	Middle Water	1.2
Tolo Harbour And Channel	TM3	23-08-2000	1	Bottom Water	1
Tolo Harbour And Channel	TM3	11-09-2000	1	Surface Water	2.7
Tolo Harbour And Channel	TM3	11-09-2000	1	Middle Water	2
Tolo Harbour And Channel	TM3	11-09-2000	1	Bottom Water	1.4
Tolo Harbour And Channel	TM3	25-10-2000	1	Surface Water	2.7
Tolo Harbour And Channel	TM3	25-10-2000	1	Middle Water	1.1
Tolo Harbour And Channel	TM3	25-10-2000	1	Bottom Water	0.2
Tolo Harbour And Channel	TM3	16-11-2000	1	Surface Water	2.8
Tolo Harbour And Channel	TM3	16-11-2000	1	Middle Water	2.3
Tolo Harbour And Channel	TM3	16-11-2000	1	Bottom Water	0.6
Tolo Harbour And Channel	TM3	08-12-2000	1	Surface Water	2
Tolo Harbour And Channel	TM3	08-12-2000	1	Middle Water	1.9
Tolo Harbour And Channel	TM3	08-12-2000	1	Bottom Water	1.3
Tolo Harbour And Channel	TM3	09-01-2001	1	Surface Water	2.1
Tolo Harbour And Channel	TM3	09-01-2001	1	Middle Water	2.1
Tolo Harbour And Channel	TM3	09-01-2001	1	Bottom Water	2.1
Tolo Harbour And Channel	TM3	15-02-2001	1	Surface Water	2.7
Tolo Harbour And Channel	TM3	15-02-2001	1	Middle Water	3.7
Tolo Harbour And Channel	TM3	15-02-2001	1	Bottom Water	2.8
Tolo Harbour And Channel	TM3	16-03-2001	1	Surface Water	1.5
Tolo Harbour And Channel	TM3	16-03-2001	1	Middle Water	1.4
Tolo Harbour And Channel	TM3	16-03-2001	1	Bottom Water	2.8
Tolo Harbour And Channel	TM3	19-04-2001	1	Surface Water	3.3
Tolo Harbour And Channel	TM3	19-04-2001	1	Middle Water	2.7
Tolo Harbour And Channel	TM3	19-04-2001	1	Bottom Water	1.4
Tolo Harbour And Channel	TM3	07-05-2001	1	Surface Water	3.7
Tolo Harbour And Channel	TM3	07-05-2001	1	Middle Water	1.5
Tolo Harbour And Channel	TM3	07-05-2001	1	Bottom Water	0.9
Tolo Harbour And Channel	TM3	04-06-2001	1	Surface Water	4.8
Tolo Harbour And Channel	TM3	04-06-2001	1	Middle Water	2.4
Tolo Harbour And Channel	TM3	04-06-2001	1	Bottom Water	2.4
Tolo Harbour And Channel	TM3	20-07-2001	1	Surface Water	4.6
Tolo Harbour And Channel	TM3	20-07-2001	1	Middle Water	1.3
Tolo Harbour And Channel	TM3	20-07-2001	1	Bottom Water	0.9
Tolo Harbour And Channel	TM3	08-08-2001	1	Surface Water	3
Tolo Harbour And Channel	TM3	08-08-2001	1	Middle Water	1.8
Tolo Harbour And Channel	TM3	08-08-2001	1	Bottom Water	1.5
Tolo Harbour And Channel	TM3	12-09-2001	1	Surface Water	>8.4
Tolo Harbour And Channel	TM3	12-09-2001	1	Middle Water	0.9
Tolo Harbour And Channel	TM3	12-09-2001	1	Bottom Water	0.4
Tolo Harbour And Channel	TM3	17-10-2001	1	Surface Water	2.7
Tolo Harbour And Channel	TM3	17-10-2001	1	Middle Water	2.1
Tolo Harbour And Channel	TM3	17-10-2001	1	Bottom Water	0.7
Tolo Harbour And Channel	TM3	08-11-2001	1	Surface Water	3
Tolo Harbour And Channel	TM3	08-11-2001	1	Middle Water	3.3
Tolo Harbour And Channel	TM3	08-11-2001	1	Bottom Water	1.9
Tolo Harbour And Channel	TM3	05-12-2001	1	Surface Water	3.1
Tolo Harbour And Channel	TM3	05-12-2001	1	Middle Water	2.4
Tolo Harbour And Channel	TM3	05-12-2001	1	Bottom Water	2.3
Tolo Harbour And Channel	TM3	23-01-2002	1	Surface Water	1.4
Tolo Harbour And Channel	TM3	23-01-2002	1	Middle Water	1.5
Tolo Harbour And Channel	TM3	23-01-2002	1	Bottom Water	1.4
Tolo Harbour And Channel	TM3	25-02-2002	1	Surface Water	2.4
Tolo Harbour And Channel	TM3	25-02-2002	1	Middle Water	2.2
Tolo Harbour And Channel	TM3	25-02-2002	1	Bottom Water	1.7
Tolo Harbour And Channel	TM3	11-03-2002	1	Surface Water	3.4
Tolo Harbour And Channel	TM3	11-03-2002	1	Middle Water	2.2
Tolo Harbour And Channel	TM3	11-03-2002	1	Bottom Water	1.2
Tolo Harbour And Channel	TM3	24-04-2002	1	Surface Water	2.4
Tolo Harbour And Channel	TM3	24-04-2002	1	Middle Water	1.8
Tolo Harbour And Channel	TM3	24-04-2002	1	Bottom Water	1.8
Tolo Harbour And Channel	TM3	08-05-2002	1	Surface Water	3
Tolo Harbour And Channel	TM3	08-05-2002	1	Middle Water	1.6
Tolo Harbour And Channel	TM3	08-05-2002	1	Bottom Water	1.5
Tolo Harbour And Channel	TM3	12-06-2002	1	Surface Water	1.8
Tolo Harbour And Channel	TM3	12-06-2002	1	Middle Water	0.7
Tolo Harbour And Channel	TM3	12-06-2002	1	Bottom Water	0.6
Tolo Harbour And Channel	TM3	08-07-2002	1	Surface Water	2.7
Tolo Harbour And Channel	TM3	08-07-2002	1	Middle Water	2
Tolo Harbour And Channel	TM3	08-07-2002	1	Bottom Water	1.3
Tolo Harbour And Channel	TM3	22-08-2002	1	Surface Water	5.6
Tolo Harbour And Channel	TM3	22-08-2002	1	Middle Water	0.9
Tolo Harbour And Channel	TM3	22-08-2002	1	Bottom Water	0.8
Tolo Harbour And Channel	TM3	04-09-2002	1	Surface Water	2.7
Tolo Harbour And Channel	TM3	04-09-2002	1	Middle Water	2.3
Tolo Harbour And Channel	TM3	04-09-2002	1	Bottom Water	2.3
Tolo Harbour And Channel	TM3	03-10-2002	1	Surface Water	3.6
Tolo Harbour And Channel	TM3	03-10-2002	1	Middle Water	2.4
Tolo Harbour And Channel	TM3	03-10-2002	1	Bottom Water	1.9
Tolo Harbour And Channel	TM3	13-11-2002	1	Surface Water	2.9
Tolo Harbour And Channel	TM3	13-11-2002	1	Middle Water	1.2
Tolo Harbour And Channel	TM3	13-11-2002	1	Bottom Water	0.8
Tolo Harbour And Channel	TM3	06-12-2002	1	Surface Water	2.6
Tolo Harbour And Channel	TM3	06-12-2002	1	Middle Water	2.8
Tolo Harbour And Channel	TM3	06-12-2002	1	Bottom Water	2.1
Tolo Harbour And Channel	TM3	10-01-2003	1	Surface Water	1.8
Tolo Harbour And Channel	TM3	10-01-2003	1	Middle Water	1.6
Tolo Harbour And Channel	TM3	10-01-2003	1	Bottom Water	1.3
Tolo Harbour And Channel	TM3	05-02-2003	1	Surface Water	4.1
Tolo Harbour And Channel	TM3	05-02-2003	1	Middle Water	4.2
Tolo Harbour And Channel	TM3	05-02-2003	1	Bottom Water	2.9
Tolo Harbour And Channel	TM3	13-03-2003	1	Surface Water	4.5
Tolo Harbour And Channel	TM3	13-03-2003	1	Middle Water	4.1
Tolo Harbour And Channel	TM3	13-03-2003	1	Bottom Water	1.4
Tolo Harbour And Channel	TM3	23-04-2003	1	Surface Water	1.4
Tolo Harbour And Channel	TM3	23-04-2003	1	Middle Water	1.3
Tolo Harbour And Channel	TM3	23-04-2003	1	Bottom Water	1.7
Tolo Harbour And Channel	TM3	12-05-2003	1	Surface Water	2.8
Tolo Harbour And Channel	TM3	12-05-2003	1	Middle Water	2.3
Tolo Harbour And Channel	TM3	12-05-2003	1	Bottom Water	1.6
Tolo Harbour And Channel	TM3	11-06-2003	1	Surface Water	7.5
Tolo Harbour And Channel	TM3	11-06-2003	1	Middle Water	2.5
Tolo Harbour And Channel	TM3	11-06-2003	1	Bottom Water	2.5
Tolo Harbour And Channel	TM3	09-07-2003	1	Surface Water	2.5
Tolo Harbour And Channel	TM3	09-07-2003	1	Middle Water	2.1
Tolo Harbour And Channel	TM3	09-07-2003	1	Bottom Water	1.7
Tolo Harbour And Channel	TM3	06-08-2003	1	Surface Water	2.9
Tolo Harbour And Channel	TM3	06-08-2003	1	Middle Water	2.3
Tolo Harbour And Channel	TM3	06-08-2003	1	Bottom Water	1.2
Tolo Harbour And Channel	TM3	18-09-2003	1	Surface Water	3.4
Tolo Harbour And Channel	TM3	18-09-2003	1	Middle Water	0.6
Tolo Harbour And Channel	TM3	18-09-2003	1	Bottom Water	1.2
Tolo Harbour And Channel	TM3	08-10-2003	1	Surface Water	2.6
Tolo Harbour And Channel	TM3	08-10-2003	1	Middle Water	1.5
Tolo Harbour And Channel	TM3	08-10-2003	1	Bottom Water	1.1
Tolo Harbour And Channel	TM3	07-11-2003	1	Surface Water	2
Tolo Harbour And Channel	TM3	07-11-2003	1	Middle Water	1.9
Tolo Harbour And Channel	TM3	07-11-2003	1	Bottom Water	1.4
Tolo Harbour And Channel	TM3	08-12-2003	1	Surface Water	3.4
Tolo Harbour And Channel	TM3	08-12-2003	1	Middle Water	2.6
Tolo Harbour And Channel	TM3	08-12-2003	1	Bottom Water	1.6
Tolo Harbour And Channel	TM3	15-01-2004	1	Surface Water	2.9
Tolo Harbour And Channel	TM3	15-01-2004	1	Middle Water	3
Tolo Harbour And Channel	TM3	15-01-2004	1	Bottom Water	2.9
Tolo Harbour And Channel	TM3	09-02-2004	1	Surface Water	2.5
Tolo Harbour And Channel	TM3	09-02-2004	1	Middle Water	2.6
Tolo Harbour And Channel	TM3	09-02-2004	1	Bottom Water	1.7
Tolo Harbour And Channel	TM3	04-03-2004	1	Surface Water	3.2
Tolo Harbour And Channel	TM3	04-03-2004	1	Middle Water	3.1
Tolo Harbour And Channel	TM3	04-03-2004	1	Bottom Water	3.1
Tolo Harbour And Channel	TM3	16-04-2004	1	Surface Water	3.9
Tolo Harbour And Channel	TM3	16-04-2004	1	Middle Water	1.3
Tolo Harbour And Channel	TM3	16-04-2004	1	Bottom Water	2.2
Tolo Harbour And Channel	TM3	12-05-2004	1	Surface Water	2.8
Tolo Harbour And Channel	TM3	12-05-2004	1	Middle Water	1.9
Tolo Harbour And Channel	TM3	12-05-2004	1	Bottom Water	0.8
Tolo Harbour And Channel	TM3	07-06-2004	1	Surface Water	3
Tolo Harbour And Channel	TM3	07-06-2004	1	Middle Water	1.6
Tolo Harbour And Channel	TM3	07-06-2004	1	Bottom Water	1.4
Tolo Harbour And Channel	TM3	05-07-2004	1	Surface Water	2.7
Tolo Harbour And Channel	TM3	05-07-2004	1	Middle Water	2.2
Tolo Harbour And Channel	TM3	05-07-2004	1	Bottom Water	0.7
Tolo Harbour And Channel	TM3	23-08-2004	1	Surface Water	3.9
Tolo Harbour And Channel	TM3	23-08-2004	1	Middle Water	1.5
Tolo Harbour And Channel	TM3	23-08-2004	1	Bottom Water	1
Tolo Harbour And Channel	TM3	16-09-2004	1	Surface Water	2.7
Tolo Harbour And Channel	TM3	16-09-2004	1	Middle Water	1.5
Tolo Harbour And Channel	TM3	16-09-2004	1	Bottom Water	0.9
Tolo Harbour And Channel	TM3	18-10-2004	1	Surface Water	1.8
Tolo Harbour And Channel	TM3	18-10-2004	1	Middle Water	1.4
Tolo Harbour And Channel	TM3	18-10-2004	1	Bottom Water	0.8
Tolo Harbour And Channel	TM3	03-11-2004	1	Surface Water	2
Tolo Harbour And Channel	TM3	03-11-2004	1	Middle Water	1.9
Tolo Harbour And Channel	TM3	03-11-2004	1	Bottom Water	1.9
Tolo Harbour And Channel	TM3	07-12-2004	1	Surface Water	1.7
Tolo Harbour And Channel	TM3	07-12-2004	1	Middle Water	2.1
Tolo Harbour And Channel	TM3	07-12-2004	1	Bottom Water	1.8
Tolo Harbour And Channel	TM3	14-01-2005	1	Surface Water	1.5
Tolo Harbour And Channel	TM3	14-01-2005	1	Middle Water	1.3
Tolo Harbour And Channel	TM3	14-01-2005	1	Bottom Water	1
Tolo Harbour And Channel	TM3	18-02-2005	1	Surface Water	1.4
Tolo Harbour And Channel	TM3	18-02-2005	1	Middle Water	1.4
Tolo Harbour And Channel	TM3	18-02-2005	1	Bottom Water	0.8
Tolo Harbour And Channel	TM3	09-03-2005	1	Surface Water	2.4
Tolo Harbour And Channel	TM3	09-03-2005	1	Middle Water	2.4
Tolo Harbour And Channel	TM3	09-03-2005	1	Bottom Water	1.6
Tolo Harbour And Channel	TM3	18-04-2005	1	Surface Water	1.8
Tolo Harbour And Channel	TM3	18-04-2005	1	Middle Water	1.5
Tolo Harbour And Channel	TM3	18-04-2005	1	Bottom Water	0.8
Tolo Harbour And Channel	TM3	09-05-2005	1	Surface Water	2.5
Tolo Harbour And Channel	TM3	09-05-2005	1	Middle Water	2.3
Tolo Harbour And Channel	TM3	09-05-2005	1	Bottom Water	1
Tolo Harbour And Channel	TM3	09-06-2005	1	Surface Water	2.9
Tolo Harbour And Channel	TM3	09-06-2005	1	Middle Water	1.7
Tolo Harbour And Channel	TM3	09-06-2005	1	Bottom Water	0.7
Tolo Harbour And Channel	TM3	14-07-2005	1	Surface Water	2.4
Tolo Harbour And Channel	TM3	14-07-2005	1	Middle Water	0.6
Tolo Harbour And Channel	TM3	14-07-2005	1	Bottom Water	0.6
Tolo Harbour And Channel	TM3	12-08-2005	1	Surface Water	1.9
Tolo Harbour And Channel	TM3	12-08-2005	1	Middle Water	1.1
Tolo Harbour And Channel	TM3	12-08-2005	1	Bottom Water	1.1
Tolo Harbour And Channel	TM3	08-09-2005	1	Surface Water	1.8
Tolo Harbour And Channel	TM3	08-09-2005	1	Middle Water	1.3
Tolo Harbour And Channel	TM3	08-09-2005	1	Bottom Water	1.3
Tolo Harbour And Channel	TM3	07-10-2005	1	Surface Water	1.6
Tolo Harbour And Channel	TM3	07-10-2005	1	Middle Water	2.2
Tolo Harbour And Channel	TM3	07-10-2005	1	Bottom Water	2.2
Tolo Harbour And Channel	TM3	09-11-2005	1	Surface Water	4
Tolo Harbour And Channel	TM3	09-11-2005	1	Middle Water	3.8
Tolo Harbour And Channel	TM3	09-11-2005	1	Bottom Water	1.7
Tolo Harbour And Channel	TM3	06-12-2005	1	Surface Water	1.3
Tolo Harbour And Channel	TM3	06-12-2005	1	Middle Water	1.4
Tolo Harbour And Channel	TM3	06-12-2005	1	Bottom Water	1.2
Tolo Harbour And Channel	TM3	04-01-2006	1	Surface Water	2.8
Tolo Harbour And Channel	TM3	04-01-2006	1	Middle Water	4.3
Tolo Harbour And Channel	TM3	04-01-2006	1	Bottom Water	1.5
Tolo Harbour And Channel	TM3	08-02-2006	1	Surface Water	1.5
Tolo Harbour And Channel	TM3	08-02-2006	1	Middle Water	1.4
Tolo Harbour And Channel	TM3	08-02-2006	1	Bottom Water	1.1
Tolo Harbour And Channel	TM3	01-03-2006	1	Surface Water	0.7
Tolo Harbour And Channel	TM3	01-03-2006	1	Middle Water	1.6
Tolo Harbour And Channel	TM3	01-03-2006	1	Bottom Water	0.9
Tolo Harbour And Channel	TM3	03-04-2006	1	Surface Water	1.3
Tolo Harbour And Channel	TM3	03-04-2006	1	Middle Water	1.7
Tolo Harbour And Channel	TM3	03-04-2006	1	Bottom Water	1.3
Tolo Harbour And Channel	TM3	08-05-2006	1	Surface Water	1.5
Tolo Harbour And Channel	TM3	08-05-2006	1	Middle Water	0.8
Tolo Harbour And Channel	TM3	08-05-2006	1	Bottom Water	1
Tolo Harbour And Channel	TM3	05-06-2006	1	Surface Water	0.8
Tolo Harbour And Channel	TM3	05-06-2006	1	Middle Water	0.7
Tolo Harbour And Channel	TM3	05-06-2006	1	Bottom Water	0.4
Tolo Harbour And Channel	TM3	17-07-2006	1	Surface Water	1
Tolo Harbour And Channel	TM3	17-07-2006	1	Middle Water	<0.1
Tolo Harbour And Channel	TM3	17-07-2006	1	Bottom Water	<0.1
Tolo Harbour And Channel	TM3	14-08-2006	1	Surface Water	1.6
Tolo Harbour And Channel	TM3	14-08-2006	1	Middle Water	0.2
Tolo Harbour And Channel	TM3	14-08-2006	1	Bottom Water	0.9
Tolo Harbour And Channel	TM3	18-09-2006	1	Surface Water	3.3
Tolo Harbour And Channel	TM3	18-09-2006	1	Middle Water	3
Tolo Harbour And Channel	TM3	18-09-2006	1	Bottom Water	0.7
Tolo Harbour And Channel	TM3	16-10-2006	1	Surface Water	2.3
Tolo Harbour And Channel	TM3	16-10-2006	1	Middle Water	2.2
Tolo Harbour And Channel	TM3	16-10-2006	1	Bottom Water	2.1
Tolo Harbour And Channel	TM3	23-11-2006	1	Surface Water	9.1
Tolo Harbour And Channel	TM3	23-11-2006	1	Middle Water	4.6
Tolo Harbour And Channel	TM3	23-11-2006	1	Bottom Water	0.8
Tolo Harbour And Channel	TM3	13-12-2006	1	Surface Water	6.8
Tolo Harbour And Channel	TM3	13-12-2006	1	Middle Water	2
Tolo Harbour And Channel	TM3	13-12-2006	1	Bottom Water	0.8
Tolo Harbour And Channel	TM3	11-01-2007	1	Surface Water	1.6
Tolo Harbour And Channel	TM3	11-01-2007	1	Middle Water	1.6
Tolo Harbour And Channel	TM3	11-01-2007	1	Bottom Water	1.8
Tolo Harbour And Channel	TM3	07-02-2007	1	Surface Water	1.9
Tolo Harbour And Channel	TM3	07-02-2007	1	Middle Water	1.6
Tolo Harbour And Channel	TM3	07-02-2007	1	Bottom Water	1.7
Tolo Harbour And Channel	TM3	29-03-2007	1	Surface Water	2.1
Tolo Harbour And Channel	TM3	29-03-2007	1	Middle Water	1.7
Tolo Harbour And Channel	TM3	29-03-2007	1	Bottom Water	0.8
Tolo Harbour And Channel	TM3	20-04-2007	1	Surface Water	2.6
Tolo Harbour And Channel	TM3	20-04-2007	1	Middle Water	2.8
Tolo Harbour And Channel	TM3	20-04-2007	1	Bottom Water	1.8
Tolo Harbour And Channel	TM3	21-05-2007	1	Surface Water	0.5
Tolo Harbour And Channel	TM3	21-05-2007	1	Middle Water	0.6
Tolo Harbour And Channel	TM3	21-05-2007	1	Bottom Water	0.5
Tolo Harbour And Channel	TM3	14-06-2007	1	Surface Water	1.2
Tolo Harbour And Channel	TM3	14-06-2007	1	Middle Water	0.5
Tolo Harbour And Channel	TM3	14-06-2007	1	Bottom Water	0.6
Tolo Harbour And Channel	TM3	26-07-2007	1	Surface Water	2.1
Tolo Harbour And Channel	TM3	26-07-2007	1	Middle Water	1.5
Tolo Harbour And Channel	TM3	26-07-2007	1	Bottom Water	1.3
Tolo Harbour And Channel	TM3	17-08-2007	1	Surface Water	2
Tolo Harbour And Channel	TM3	17-08-2007	1	Middle Water	1.6
Tolo Harbour And Channel	TM3	17-08-2007	1	Bottom Water	1.5
Tolo Harbour And Channel	TM3	20-09-2007	1	Surface Water	1.6
Tolo Harbour And Channel	TM3	20-09-2007	1	Middle Water	1.6
Tolo Harbour And Channel	TM3	20-09-2007	1	Bottom Water	1.6
Tolo Harbour And Channel	TM3	25-10-2007	1	Surface Water	2.1
Tolo Harbour And Channel	TM3	25-10-2007	1	Middle Water	1.8
Tolo Harbour And Channel	TM3	25-10-2007	1	Bottom Water	1.2
Tolo Harbour And Channel	TM3	19-11-2007	1	Surface Water	1.7
Tolo Harbour And Channel	TM3	19-11-2007	1	Middle Water	1.5
Tolo Harbour And Channel	TM3	19-11-2007	1	Bottom Water	1
Tolo Harbour And Channel	TM3	10-12-2007	1	Surface Water	1.5
Tolo Harbour And Channel	TM3	10-12-2007	1	Middle Water	1.9
Tolo Harbour And Channel	TM3	10-12-2007	1	Bottom Water	1.6
Tolo Harbour And Channel	TM3	21-01-2008	1	Surface Water	1.1
Tolo Harbour And Channel	TM3	21-01-2008	1	Middle Water	1.3
Tolo Harbour And Channel	TM3	21-01-2008	1	Bottom Water	0.9
Tolo Harbour And Channel	TM3	21-02-2008	1	Surface Water	2.2
Tolo Harbour And Channel	TM3	21-02-2008	1	Middle Water	1.9
Tolo Harbour And Channel	TM3	21-02-2008	1	Bottom Water	1.3
Tolo Harbour And Channel	TM3	12-03-2008	1	Surface Water	1.5
Tolo Harbour And Channel	TM3	12-03-2008	1	Middle Water	0.9
Tolo Harbour And Channel	TM3	12-03-2008	1	Bottom Water	1
Tolo Harbour And Channel	TM3	11-04-2008	1	Surface Water	1.6
Tolo Harbour And Channel	TM3	11-04-2008	1	Middle Water	1.5
Tolo Harbour And Channel	TM3	11-04-2008	1	Bottom Water	2.2
Tolo Harbour And Channel	TM3	08-05-2008	1	Surface Water	2.3
Tolo Harbour And Channel	TM3	08-05-2008	1	Middle Water	1.9
Tolo Harbour And Channel	TM3	08-05-2008	1	Bottom Water	1.1
Tolo Harbour And Channel	TM3	20-06-2008	1	Surface Water	2.2
Tolo Harbour And Channel	TM3	20-06-2008	1	Middle Water	2
Tolo Harbour And Channel	TM3	20-06-2008	1	Bottom Water	0.6
Tolo Harbour And Channel	TM3	24-07-2008	1	Surface Water	3.5
Tolo Harbour And Channel	TM3	24-07-2008	1	Middle Water	2.7
Tolo Harbour And Channel	TM3	24-07-2008	1	Bottom Water	3.8
Tolo Harbour And Channel	TM3	14-08-2008	1	Surface Water	1.4
Tolo Harbour And Channel	TM3	14-08-2008	1	Middle Water	2
Tolo Harbour And Channel	TM3	14-08-2008	1	Bottom Water	1.1
Tolo Harbour And Channel	TM3	04-09-2008	1	Surface Water	1.1
Tolo Harbour And Channel	TM3	04-09-2008	1	Middle Water	0.4
Tolo Harbour And Channel	TM3	04-09-2008	1	Bottom Water	<0.1
Tolo Harbour And Channel	TM3	24-10-2008	1	Surface Water	2
Tolo Harbour And Channel	TM3	24-10-2008	1	Middle Water	1.3
Tolo Harbour And Channel	TM3	24-10-2008	1	Bottom Water	1.2
Tolo Harbour And Channel	TM3	24-11-2008	1	Surface Water	1.8
Tolo Harbour And Channel	TM3	24-11-2008	1	Middle Water	1.8
Tolo Harbour And Channel	TM3	24-11-2008	1	Bottom Water	1.1
Tolo Harbour And Channel	TM3	08-12-2008	1	Surface Water	2
Tolo Harbour And Channel	TM3	08-12-2008	1	Middle Water	1.6
Tolo Harbour And Channel	TM3	08-12-2008	1	Bottom Water	1.1
Tolo Harbour And Channel	TM3	17-01-2009	1	Surface Water	1.5
Tolo Harbour And Channel	TM3	17-01-2009	1	Middle Water	1.7
Tolo Harbour And Channel	TM3	17-01-2009	1	Bottom Water	0.8
Tolo Harbour And Channel	TM3	12-02-2009	1	Surface Water	1.5
Tolo Harbour And Channel	TM3	12-02-2009	1	Middle Water	1.8
Tolo Harbour And Channel	TM3	12-02-2009	1	Bottom Water	2
Tolo Harbour And Channel	TM3	25-03-2009	1	Surface Water	2.1
Tolo Harbour And Channel	TM3	25-03-2009	1	Middle Water	2.2
Tolo Harbour And Channel	TM3	25-03-2009	1	Bottom Water	1.2
Tolo Harbour And Channel	TM3	21-04-2009	1	Surface Water	0.8
Tolo Harbour And Channel	TM3	21-04-2009	1	Middle Water	0.7
Tolo Harbour And Channel	TM3	21-04-2009	1	Bottom Water	0.2
Tolo Harbour And Channel	TM3	27-05-2009	1	Surface Water	1.2
Tolo Harbour And Channel	TM3	27-05-2009	1	Middle Water	0.9
Tolo Harbour And Channel	TM3	27-05-2009	1	Bottom Water	0.4
Tolo Harbour And Channel	TM3	11-06-2009	1	Surface Water	2.2
Tolo Harbour And Channel	TM3	11-06-2009	1	Middle Water	1.8
Tolo Harbour And Channel	TM3	11-06-2009	1	Bottom Water	0.9
Tolo Harbour And Channel	TM3	24-07-2009	1	Surface Water	3.4
Tolo Harbour And Channel	TM3	24-07-2009	1	Middle Water	1.4
Tolo Harbour And Channel	TM3	24-07-2009	1	Bottom Water	1.7
Tolo Harbour And Channel	TM3	13-08-2009	1	Surface Water	1
Tolo Harbour And Channel	TM3	13-08-2009	1	Middle Water	0.6
Tolo Harbour And Channel	TM3	13-08-2009	1	Bottom Water	0.8
Tolo Harbour And Channel	TM3	21-09-2009	1	Surface Water	1.8
Tolo Harbour And Channel	TM3	21-09-2009	1	Middle Water	1.1
Tolo Harbour And Channel	TM3	21-09-2009	1	Bottom Water	1
Tolo Harbour And Channel	TM3	23-10-2009	1	Surface Water	0.9
Tolo Harbour And Channel	TM3	23-10-2009	1	Middle Water	0.6
Tolo Harbour And Channel	TM3	23-10-2009	1	Bottom Water	0.6
Tolo Harbour And Channel	TM3	20-11-2009	1	Surface Water	0.6
Tolo Harbour And Channel	TM3	20-11-2009	1	Middle Water	0.5
Tolo Harbour And Channel	TM3	20-11-2009	1	Bottom Water	0.6
Tolo Harbour And Channel	TM3	10-12-2009	1	Surface Water	0.9
Tolo Harbour And Channel	TM3	10-12-2009	1	Middle Water	1
Tolo Harbour And Channel	TM3	10-12-2009	1	Bottom Water	0.7
Tolo Harbour And Channel	TM3	25-01-2010	1	Surface Water	0.9
Tolo Harbour And Channel	TM3	25-01-2010	1	Middle Water	0.9
Tolo Harbour And Channel	TM3	25-01-2010	1	Bottom Water	0.6
Tolo Harbour And Channel	TM3	24-02-2010	1	Surface Water	1.5
Tolo Harbour And Channel	TM3	24-02-2010	1	Middle Water	0.9
Tolo Harbour And Channel	TM3	24-02-2010	1	Bottom Water	0.7
Tolo Harbour And Channel	TM3	11-03-2010	1	Surface Water	1.5
Tolo Harbour And Channel	TM3	11-03-2010	1	Middle Water	1.6
Tolo Harbour And Channel	TM3	11-03-2010	1	Bottom Water	1.5
Tolo Harbour And Channel	TM3	22-04-2010	1	Surface Water	1.7
Tolo Harbour And Channel	TM3	22-04-2010	1	Middle Water	1.7
Tolo Harbour And Channel	TM3	22-04-2010	1	Bottom Water	1.3
Tolo Harbour And Channel	TM3	28-05-2010	1	Surface Water	1.7
Tolo Harbour And Channel	TM3	28-05-2010	1	Middle Water	1.8
Tolo Harbour And Channel	TM3	28-05-2010	1	Bottom Water	1.6
Tolo Harbour And Channel	TM3	21-06-2010	1	Surface Water	2.8
Tolo Harbour And Channel	TM3	21-06-2010	1	Middle Water	2.2
Tolo Harbour And Channel	TM3	21-06-2010	1	Bottom Water	2.2
Tolo Harbour And Channel	TM3	26-07-2010	1	Surface Water	2.8
Tolo Harbour And Channel	TM3	26-07-2010	1	Middle Water	0.8
Tolo Harbour And Channel	TM3	26-07-2010	1	Bottom Water	0.4
Tolo Harbour And Channel	TM3	12-08-2010	1	Surface Water	8
Tolo Harbour And Channel	TM3	12-08-2010	1	Middle Water	0.5
Tolo Harbour And Channel	TM3	12-08-2010	1	Bottom Water	0.5
Tolo Harbour And Channel	TM3	16-09-2010	1	Surface Water	3.9
Tolo Harbour And Channel	TM3	16-09-2010	1	Middle Water	2.9
Tolo Harbour And Channel	TM3	16-09-2010	1	Bottom Water	2.3
Tolo Harbour And Channel	TM3	27-10-2010	1	Surface Water	2.2
Tolo Harbour And Channel	TM3	27-10-2010	1	Middle Water	2
Tolo Harbour And Channel	TM3	27-10-2010	1	Bottom Water	1.6
Tolo Harbour And Channel	TM3	24-11-2010	1	Surface Water	2.9
Tolo Harbour And Channel	TM3	24-11-2010	1	Middle Water	2.5
Tolo Harbour And Channel	TM3	24-11-2010	1	Bottom Water	1.8
Tolo Harbour And Channel	TM3	10-12-2010	1	Surface Water	2.4
Tolo Harbour And Channel	TM3	10-12-2010	1	Middle Water	1.8
Tolo Harbour And Channel	TM3	10-12-2010	1	Bottom Water	1.6
Tolo Harbour And Channel	TM3	24-01-2011	1	Surface Water	0.9
Tolo Harbour And Channel	TM3	24-01-2011	1	Middle Water	1.1
Tolo Harbour And Channel	TM3	24-01-2011	1	Bottom Water	1
Tolo Harbour And Channel	TM3	24-02-2011	1	Surface Water	1.8
Tolo Harbour And Channel	TM3	24-02-2011	1	Middle Water	1
Tolo Harbour And Channel	TM3	24-02-2011	1	Bottom Water	0.9
Tolo Harbour And Channel	TM3	25-03-2011	1	Surface Water	3.1
Tolo Harbour And Channel	TM3	25-03-2011	1	Middle Water	2.4
Tolo Harbour And Channel	TM3	25-03-2011	1	Bottom Water	1.8
Tolo Harbour And Channel	TM3	13-04-2011	1	Surface Water	1.6
Tolo Harbour And Channel	TM3	13-04-2011	1	Middle Water	1.7
Tolo Harbour And Channel	TM3	13-04-2011	1	Bottom Water	0.9
Tolo Harbour And Channel	TM3	19-05-2011	1	Surface Water	2.3
Tolo Harbour And Channel	TM3	19-05-2011	1	Middle Water	3
Tolo Harbour And Channel	TM3	19-05-2011	1	Bottom Water	2
Tolo Harbour And Channel	TM3	16-06-2011	1	Surface Water	1.5
Tolo Harbour And Channel	TM3	16-06-2011	1	Middle Water	1.6
Tolo Harbour And Channel	TM3	16-06-2011	1	Bottom Water	0.8
Tolo Harbour And Channel	TM3	13-07-2011	1	Surface Water	2.8
Tolo Harbour And Channel	TM3	13-07-2011	1	Middle Water	1.6
Tolo Harbour And Channel	TM3	13-07-2011	1	Bottom Water	1.1
Tolo Harbour And Channel	TM3	10-08-2011	1	Surface Water	1.8
Tolo Harbour And Channel	TM3	10-08-2011	1	Middle Water	1.4
Tolo Harbour And Channel	TM3	10-08-2011	1	Bottom Water	1
Tolo Harbour And Channel	TM3	15-09-2011	1	Surface Water	3.5
Tolo Harbour And Channel	TM3	15-09-2011	1	Middle Water	1.8
Tolo Harbour And Channel	TM3	15-09-2011	1	Bottom Water	1.1
Tolo Harbour And Channel	TM3	20-10-2011	1	Surface Water	2.6
Tolo Harbour And Channel	TM3	20-10-2011	1	Middle Water	0.8
Tolo Harbour And Channel	TM3	20-10-2011	1	Bottom Water	0.6
Tolo Harbour And Channel	TM3	23-11-2011	1	Surface Water	1.6
Tolo Harbour And Channel	TM3	23-11-2011	1	Middle Water	1.4
Tolo Harbour And Channel	TM3	23-11-2011	1	Bottom Water	1
Tolo Harbour And Channel	TM3	15-12-2011	1	Surface Water	2.1
Tolo Harbour And Channel	TM3	15-12-2011	1	Middle Water	2.2
Tolo Harbour And Channel	TM3	15-12-2011	1	Bottom Water	3
Tolo Harbour And Channel	TM3	27-01-2012	1	Surface Water	0.9
Tolo Harbour And Channel	TM3	27-01-2012	1	Middle Water	0.8
Tolo Harbour And Channel	TM3	27-01-2012	1	Bottom Water	0.9
Tolo Harbour And Channel	TM3	16-02-2012	1	Surface Water	1.3
Tolo Harbour And Channel	TM3	16-02-2012	1	Middle Water	1.2
Tolo Harbour And Channel	TM3	16-02-2012	1	Bottom Water	0.9
Tolo Harbour And Channel	TM3	22-03-2012	1	Surface Water	3.1
Tolo Harbour And Channel	TM3	22-03-2012	1	Middle Water	2.5
Tolo Harbour And Channel	TM3	22-03-2012	1	Bottom Water	1.8
Tolo Harbour And Channel	TM3	18-04-2012	1	Surface Water	1.6
Tolo Harbour And Channel	TM3	18-04-2012	1	Middle Water	1.2
Tolo Harbour And Channel	TM3	18-04-2012	1	Bottom Water	1
Tolo Harbour And Channel	TM3	17-05-2012	1	Surface Water	2.2
Tolo Harbour And Channel	TM3	17-05-2012	1	Middle Water	2
Tolo Harbour And Channel	TM3	17-05-2012	1	Bottom Water	1.5
Tolo Harbour And Channel	TM3	14-06-2012	1	Surface Water	1.6
Tolo Harbour And Channel	TM3	14-06-2012	1	Middle Water	1.3
Tolo Harbour And Channel	TM3	14-06-2012	1	Bottom Water	1.2
Tolo Harbour And Channel	TM3	19-07-2012	1	Surface Water	2.7
Tolo Harbour And Channel	TM3	19-07-2012	1	Middle Water	1.9
Tolo Harbour And Channel	TM3	19-07-2012	1	Bottom Water	1.8
Tolo Harbour And Channel	TM3	20-08-2012	1	Surface Water	5.2
Tolo Harbour And Channel	TM3	20-08-2012	1	Middle Water	2.1
Tolo Harbour And Channel	TM3	20-08-2012	1	Bottom Water	0.6
Tolo Harbour And Channel	TM3	20-09-2012	1	Surface Water	1.4
Tolo Harbour And Channel	TM3	20-09-2012	1	Middle Water	1.2
Tolo Harbour And Channel	TM3	20-09-2012	1	Bottom Water	1
Tolo Harbour And Channel	TM3	11-10-2012	1	Surface Water	1.8
Tolo Harbour And Channel	TM3	11-10-2012	1	Middle Water	1
Tolo Harbour And Channel	TM3	11-10-2012	1	Bottom Water	0.7
Tolo Harbour And Channel	TM3	14-11-2012	1	Surface Water	1.9
Tolo Harbour And Channel	TM3	14-11-2012	1	Middle Water	1.9
Tolo Harbour And Channel	TM3	14-11-2012	1	Bottom Water	1
Tolo Harbour And Channel	TM3	13-12-2012	1	Surface Water	1.2
Tolo Harbour And Channel	TM3	13-12-2012	1	Middle Water	1
Tolo Harbour And Channel	TM3	13-12-2012	1	Bottom Water	1
Tolo Harbour And Channel	TM3	17-01-2013	1	Surface Water	0.8
Tolo Harbour And Channel	TM3	17-01-2013	1	Middle Water	0.9
Tolo Harbour And Channel	TM3	17-01-2013	1	Bottom Water	1
Tolo Harbour And Channel	TM3	21-02-2013	1	Surface Water	2.3
Tolo Harbour And Channel	TM3	21-02-2013	1	Middle Water	2.2
Tolo Harbour And Channel	TM3	21-02-2013	1	Bottom Water	1.5
Tolo Harbour And Channel	TM3	06-03-2013	1	Surface Water	0.3
Tolo Harbour And Channel	TM3	06-03-2013	1	Middle Water	0.4
Tolo Harbour And Channel	TM3	06-03-2013	1	Bottom Water	0.1
Tolo Harbour And Channel	TM3	22-04-2013	1	Surface Water	2.6
Tolo Harbour And Channel	TM3	22-04-2013	1	Middle Water	2.6
Tolo Harbour And Channel	TM3	22-04-2013	1	Bottom Water	1.4
Tolo Harbour And Channel	TM3	20-05-2013	1	Surface Water	1.7
Tolo Harbour And Channel	TM3	20-05-2013	1	Middle Water	0.9
Tolo Harbour And Channel	TM3	20-05-2013	1	Bottom Water	0.9
Tolo Harbour And Channel	TM3	21-06-2013	1	Surface Water	2.1
Tolo Harbour And Channel	TM3	21-06-2013	1	Middle Water	1.8
Tolo Harbour And Channel	TM3	21-06-2013	1	Bottom Water	1.1
Tolo Harbour And Channel	TM3	19-07-2013	1	Surface Water	2.2
Tolo Harbour And Channel	TM3	19-07-2013	1	Middle Water	1
Tolo Harbour And Channel	TM3	19-07-2013	1	Bottom Water	1.7
Tolo Harbour And Channel	TM3	05-08-2013	1	Surface Water	0.6
Tolo Harbour And Channel	TM3	05-08-2013	1	Middle Water	0.5
Tolo Harbour And Channel	TM3	05-08-2013	1	Bottom Water	0.5
Tolo Harbour And Channel	TM3	04-09-2013	1	Surface Water	1.8
Tolo Harbour And Channel	TM3	04-09-2013	1	Middle Water	1.1
Tolo Harbour And Channel	TM3	04-09-2013	1	Bottom Water	1.9
Tolo Harbour And Channel	TM3	16-10-2013	1	Surface Water	1.5
Tolo Harbour And Channel	TM3	16-10-2013	1	Middle Water	1.4
Tolo Harbour And Channel	TM3	16-10-2013	1	Bottom Water	0.6
Tolo Harbour And Channel	TM3	21-11-2013	1	Surface Water	2.4
Tolo Harbour And Channel	TM3	21-11-2013	1	Middle Water	2.2
Tolo Harbour And Channel	TM3	21-11-2013	1	Bottom Water	1.5
Tolo Harbour And Channel	TM3	13-12-2013	1	Surface Water	1.2
Tolo Harbour And Channel	TM3	13-12-2013	1	Middle Water	0.9
Tolo Harbour And Channel	TM3	13-12-2013	1	Bottom Water	0.7
Tolo Harbour And Channel	TM3	22-01-2014	1	Surface Water	1.5
Tolo Harbour And Channel	TM3	22-01-2014	1	Middle Water	1.9
Tolo Harbour And Channel	TM3	22-01-2014	1	Bottom Water	1.7
Tolo Harbour And Channel	TM3	17-02-2014	1	Surface Water	0.9
Tolo Harbour And Channel	TM3	17-02-2014	1	Middle Water	1.5
Tolo Harbour And Channel	TM3	17-02-2014	1	Bottom Water	0.7
Tolo Harbour And Channel	TM3	26-03-2014	1	Surface Water	2.4
Tolo Harbour And Channel	TM3	26-03-2014	1	Middle Water	1.4
Tolo Harbour And Channel	TM3	26-03-2014	1	Bottom Water	2.2
Tolo Harbour And Channel	TM3	07-04-2014	1	Surface Water	4.5
Tolo Harbour And Channel	TM3	07-04-2014	1	Middle Water	1.3
Tolo Harbour And Channel	TM3	07-04-2014	1	Bottom Water	0.3
Tolo Harbour And Channel	TM3	26-05-2014	1	Surface Water	3.6
Tolo Harbour And Channel	TM3	26-05-2014	1	Middle Water	2.8
Tolo Harbour And Channel	TM3	26-05-2014	1	Bottom Water	1.8
Tolo Harbour And Channel	TM3	20-06-2014	1	Surface Water	1.2
Tolo Harbour And Channel	TM3	20-06-2014	1	Middle Water	0.7
Tolo Harbour And Channel	TM3	20-06-2014	1	Bottom Water	0.5
Tolo Harbour And Channel	TM3	21-07-2014	1	Surface Water	2
Tolo Harbour And Channel	TM3	21-07-2014	1	Middle Water	1.2
Tolo Harbour And Channel	TM3	21-07-2014	1	Bottom Water	1.3
Tolo Harbour And Channel	TM3	06-08-2014	1	Surface Water	2.3
Tolo Harbour And Channel	TM3	06-08-2014	1	Middle Water	1.9
Tolo Harbour And Channel	TM3	06-08-2014	1	Bottom Water	2.1
Tolo Harbour And Channel	TM3	19-09-2014	1	Surface Water	2.5
Tolo Harbour And Channel	TM3	19-09-2014	1	Middle Water	0.7
Tolo Harbour And Channel	TM3	19-09-2014	1	Bottom Water	0.5
Tolo Harbour And Channel	TM3	27-10-2014	1	Surface Water	2.2
Tolo Harbour And Channel	TM3	27-10-2014	1	Middle Water	2.3
Tolo Harbour And Channel	TM3	27-10-2014	1	Bottom Water	1.6
Tolo Harbour And Channel	TM3	21-11-2014	1	Surface Water	3.7
Tolo Harbour And Channel	TM3	21-11-2014	1	Middle Water	3.6
Tolo Harbour And Channel	TM3	21-11-2014	1	Bottom Water	2.8
Tolo Harbour And Channel	TM3	11-12-2014	1	Surface Water	1.5
Tolo Harbour And Channel	TM3	11-12-2014	1	Middle Water	1.1
Tolo Harbour And Channel	TM3	11-12-2014	1	Bottom Water	0.6
Tolo Harbour And Channel	TM3	21-01-2015	1	Surface Water	1.8
Tolo Harbour And Channel	TM3	21-01-2015	1	Middle Water	1.4
Tolo Harbour And Channel	TM3	21-01-2015	1	Bottom Water	1.7
Tolo Harbour And Channel	TM3	23-02-2015	1	Surface Water	2.7
Tolo Harbour And Channel	TM3	23-02-2015	1	Middle Water	2.4
Tolo Harbour And Channel	TM3	23-02-2015	1	Bottom Water	1.4
Tolo Harbour And Channel	TM3	23-03-2015	1	Surface Water	3.7
Tolo Harbour And Channel	TM3	23-03-2015	1	Middle Water	3.6
Tolo Harbour And Channel	TM3	23-03-2015	1	Bottom Water	2.2
Tolo Harbour And Channel	TM3	15-04-2015	1	Surface Water	2.2
Tolo Harbour And Channel	TM3	15-04-2015	1	Middle Water	2
Tolo Harbour And Channel	TM3	15-04-2015	1	Bottom Water	1.5
Tolo Harbour And Channel	TM3	21-05-2015	1	Surface Water	1.3
Tolo Harbour And Channel	TM3	21-05-2015	1	Middle Water	1
Tolo Harbour And Channel	TM3	21-05-2015	1	Bottom Water	0.8
Tolo Harbour And Channel	TM3	25-06-2015	1	Surface Water	2.9
Tolo Harbour And Channel	TM3	25-06-2015	1	Middle Water	2.6
Tolo Harbour And Channel	TM3	25-06-2015	1	Bottom Water	1.7
Tolo Harbour And Channel	TM3	08-07-2015	1	Surface Water	1.6
Tolo Harbour And Channel	TM3	08-07-2015	1	Middle Water	1.1
Tolo Harbour And Channel	TM3	08-07-2015	1	Bottom Water	1.1
Tolo Harbour And Channel	TM3	12-08-2015	1	Surface Water	2.9
Tolo Harbour And Channel	TM3	12-08-2015	1	Middle Water	2.1
Tolo Harbour And Channel	TM3	12-08-2015	1	Bottom Water	1.6
Tolo Harbour And Channel	TM3	18-09-2015	1	Surface Water	1.3
Tolo Harbour And Channel	TM3	18-09-2015	1	Middle Water	0.8
Tolo Harbour And Channel	TM3	18-09-2015	1	Bottom Water	0.8
Tolo Harbour And Channel	TM3	09-10-2015	1	Surface Water	1.7
Tolo Harbour And Channel	TM3	09-10-2015	1	Middle Water	0.6
Tolo Harbour And Channel	TM3	09-10-2015	1	Bottom Water	0.6
Tolo Harbour And Channel	TM3	19-11-2015	1	Surface Water	1.4
Tolo Harbour And Channel	TM3	19-11-2015	1	Middle Water	1.7
Tolo Harbour And Channel	TM3	19-11-2015	1	Bottom Water	1.2
Tolo Harbour And Channel	TM3	18-12-2015	1	Surface Water	2
Tolo Harbour And Channel	TM3	18-12-2015	1	Middle Water	2.2
Tolo Harbour And Channel	TM3	18-12-2015	1	Bottom Water	2.2
Tolo Harbour And Channel	TM3	14-01-2016	1	Surface Water	5
Tolo Harbour And Channel	TM3	14-01-2016	1	Middle Water	6.8
Tolo Harbour And Channel	TM3	14-01-2016	1	Bottom Water	2.2
Tolo Harbour And Channel	TM3	19-02-2016	1	Surface Water	3.1
Tolo Harbour And Channel	TM3	19-02-2016	1	Middle Water	1.3
Tolo Harbour And Channel	TM3	19-02-2016	1	Bottom Water	1
Tolo Harbour And Channel	TM3	18-03-2016	1	Surface Water	0.7
Tolo Harbour And Channel	TM3	18-03-2016	1	Middle Water	0.7
Tolo Harbour And Channel	TM3	18-03-2016	1	Bottom Water	0.6
Tolo Harbour And Channel	TM3	14-04-2016	1	Surface Water	5.9
Tolo Harbour And Channel	TM3	14-04-2016	1	Middle Water	2.4
Tolo Harbour And Channel	TM3	14-04-2016	1	Bottom Water	1.4
Tolo Harbour And Channel	TM3	11-05-2016	1	Surface Water	2.7
Tolo Harbour And Channel	TM3	11-05-2016	1	Middle Water	2.4
Tolo Harbour And Channel	TM3	11-05-2016	1	Bottom Water	1.4
Tolo Harbour And Channel	TM3	13-06-2016	1	Surface Water	1.8
Tolo Harbour And Channel	TM3	13-06-2016	1	Middle Water	1.2
Tolo Harbour And Channel	TM3	13-06-2016	1	Bottom Water	0.7
Tolo Harbour And Channel	TM3	18-07-2016	1	Surface Water	2.2
Tolo Harbour And Channel	TM3	18-07-2016	1	Middle Water	1.8
Tolo Harbour And Channel	TM3	18-07-2016	1	Bottom Water	2
Tolo Harbour And Channel	TM3	19-08-2016	1	Surface Water	3.5
Tolo Harbour And Channel	TM3	19-08-2016	1	Middle Water	1.9
Tolo Harbour And Channel	TM3	19-08-2016	1	Bottom Water	0.6
Tolo Harbour And Channel	TM3	29-09-2016	1	Surface Water	1.2
Tolo Harbour And Channel	TM3	29-09-2016	1	Middle Water	1.2
Tolo Harbour And Channel	TM3	29-09-2016	1	Bottom Water	1
Tolo Harbour And Channel	TM3	13-10-2016	1	Surface Water	1.8
Tolo Harbour And Channel	TM3	13-10-2016	1	Middle Water	1.8
Tolo Harbour And Channel	TM3	13-10-2016	1	Bottom Water	0.8
Tolo Harbour And Channel	TM3	10-11-2016	1	Surface Water	0.7
Tolo Harbour And Channel	TM3	10-11-2016	1	Middle Water	0.7
Tolo Harbour And Channel	TM3	10-11-2016	1	Bottom Water	0.5
Tolo Harbour And Channel	TM3	12-12-2016	1	Surface Water	1.8
Tolo Harbour And Channel	TM3	12-12-2016	1	Middle Water	1.9
Tolo Harbour And Channel	TM3	12-12-2016	1	Bottom Water	1.2
Tolo Harbour And Channel	TM3	18-01-2017	1	Surface Water	1.2
Tolo Harbour And Channel	TM3	18-01-2017	1	Middle Water	1
Tolo Harbour And Channel	TM3	18-01-2017	1	Bottom Water	0.8
Tolo Harbour And Channel	TM3	20-02-2017	1	Surface Water	0.9
Tolo Harbour And Channel	TM3	20-02-2017	1	Middle Water	0.7
Tolo Harbour And Channel	TM3	20-02-2017	1	Bottom Water	0.5
Tolo Harbour And Channel	TM3	10-03-2017	1	Surface Water	1.5
Tolo Harbour And Channel	TM3	10-03-2017	1	Middle Water	0.8
Tolo Harbour And Channel	TM3	10-03-2017	1	Bottom Water	0.9
Tolo Harbour And Channel	TM3	05-04-2017	1	Surface Water	1.9
Tolo Harbour And Channel	TM3	05-04-2017	1	Middle Water	1.3
Tolo Harbour And Channel	TM3	05-04-2017	1	Bottom Water	1.6
Tolo Harbour And Channel	TM3	19-05-2017	1	Surface Water	2.7
Tolo Harbour And Channel	TM3	19-05-2017	1	Middle Water	1.7
Tolo Harbour And Channel	TM3	19-05-2017	1	Bottom Water	1.7
Tolo Harbour And Channel	TM3	14-06-2017	1	Surface Water	1.6
Tolo Harbour And Channel	TM3	14-06-2017	1	Middle Water	1.3
Tolo Harbour And Channel	TM3	14-06-2017	1	Bottom Water	0.6
Tolo Harbour And Channel	TM3	12-07-2017	1	Surface Water	3.8
Tolo Harbour And Channel	TM3	12-07-2017	1	Middle Water	1.4
Tolo Harbour And Channel	TM3	12-07-2017	1	Bottom Water	0.9
Tolo Harbour And Channel	TM3	18-08-2017	1	Surface Water	2.1
Tolo Harbour And Channel	TM3	18-08-2017	1	Middle Water	2.3
Tolo Harbour And Channel	TM3	18-08-2017	1	Bottom Water	1.4
Tolo Harbour And Channel	TM3	20-09-2017	1	Surface Water	2.1
Tolo Harbour And Channel	TM3	20-09-2017	1	Middle Water	1.8
Tolo Harbour And Channel	TM3	20-09-2017	1	Bottom Water	1.4
Tolo Harbour And Channel	TM3	19-10-2017	1	Surface Water	2.9
Tolo Harbour And Channel	TM3	19-10-2017	1	Middle Water	1
Tolo Harbour And Channel	TM3	19-10-2017	1	Bottom Water	0.9
Tolo Harbour And Channel	TM3	17-11-2017	1	Surface Water	1.7
Tolo Harbour And Channel	TM3	17-11-2017	1	Middle Water	1.6
Tolo Harbour And Channel	TM3	17-11-2017	1	Bottom Water	0.9
Tolo Harbour And Channel	TM3	09-12-2017	1	Surface Water	1.9
Tolo Harbour And Channel	TM3	09-12-2017	1	Middle Water	2
Tolo Harbour And Channel	TM3	09-12-2017	1	Bottom Water	0.8
